-- #################### DROP & CREATE SEQUENCE ####################
alter database datafile 'C:\oraclexe\app\oracle\oradata\XE\SYSTEM.DBF' autoextend on next 100m maxsize 4000M;
-- ==================== #1 會員 MEMBERS ====================
DROP SEQUENCE SEQ_MEMBERS;
CREATE SEQUENCE SEQ_MEMBERS
    MAXVALUE 9999;
-- ==================== #2 老師 TEACHER ====================
DROP SEQUENCE SEQ_TCHR;
CREATE SEQUENCE SEQ_TCHR
    MAXVALUE 9999;
-- ==================== #3 員工 EMPLOYEE ====================
DROP SEQUENCE SEQ_EMPLOYEE;
CREATE SEQUENCE SEQ_EMPLOYEE
    MAXVALUE 9999;
-- ==================== #4 功能 FUNCTIONX ====================
DROP SEQUENCE SEQ_FUNCTIONX;
CREATE SEQUENCE SEQ_FUNCTIONX
    MAXVALUE 9999;
-- ==================== #5 員工權限 EMP_AUTHORITY ====================
-- NO SEQUENCE
-- ==================== #6 聊天 CHATTING ====================
DROP SEQUENCE SEQ_CHATNO;
CREATE SEQUENCE SEQ_CHATNO
    MAXVALUE 9999;
-- ==================== #7 教室 CLASSROOM ====================
DROP SEQUENCE SEQ_ROOMNO;
CREATE SEQUENCE SEQ_ROOMNO 
    MAXVALUE 9999;
-- ==================== #8 講者 SPEAKER ====================
DROP SEQUENCE SEQ_SPKRNO;
CREATE SEQUENCE SEQ_SPKRNO
    MAXVALUE 9999;
-- ==================== #9 講座 LECTURE ====================
DROP SEQUENCE SEQ_LECNO;
CREATE SEQUENCE SEQ_LECNO
    START WITH 14
    MAXVALUE 9999;
-- ==================== #10 講座訂單 LEC_ORDER ====================
DROP SEQUENCE SEQ_LODRNO;
CREATE SEQUENCE SEQ_LODRNO
    START WITH 20
    MAXVALUE 9999;
-- ==================== #11 講座定位明細 LEC_SEAT ====================
-- NO SEQUENCE
-- ==================== #12 課程種類 COURSE_TYPE ====================
DROP SEQUENCE SEQ_CSTYPE;
CREATE SEQUENCE SEQ_CSTYPE
    MAXVALUE 9999;
-- ==================== #13 課程 COURSE ====================
DROP SEQUENCE SEQ_CS;
CREATE SEQUENCE SEQ_CS
    MAXVALUE 9999;
-- ==================== #14 課程影片 VIDEO ====================
DROP SEQUENCE SEQ_VIDEO;
CREATE SEQUENCE SEQ_VIDEO
    MAXVALUE 9999;
-- ==================== #15 觀看進度 VIDEO_BAR ====================
-- NO SEQUENCE
-- ==================== #16 課程附件 COURSE_ATTACH ====================
DROP SEQUENCE SEQ_ATTNO;
CREATE SEQUENCE SEQ_ATTNO
    MAXVALUE 9999;
-- ==================== #17 評價 COURSE_ASSESS ====================
DROP SEQUENCE SEQ_ASESNO;
CREATE SEQUENCE SEQ_ASESNO
    MAXVALUE 9999;
-- ==================== #18 留言板貼文 POSTS ====================
DROP SEQUENCE SEQ_POSTNO;
CREATE SEQUENCE SEQ_POSTNO
    MAXVALUE 9999;
-- ==================== #19 留言板檢舉明細 REPORT_DETAIL ====================
DROP SEQUENCE SEQ_REPORTNO;
CREATE SEQUENCE SEQ_REPORTNO
    MAXVALUE 9999;
-- ==================== #20 優惠活動表 PROMO_LIST ====================
DROP SEQUENCE SEQ_PROM;
CREATE SEQUENCE SEQ_PROM
    MAXVALUE 9999;
-- ==================== #21 優惠活動明細 PROMO_DETAIL ====================
-- NO SEQUENCE
-- ==================== #22 折扣碼優惠 COUP_CODE ====================
DROP SEQUENCE SEQ_COUP_CODE;
CREATE SEQUENCE SEQ_COUP_CODE
    MAXVALUE 9999;
-- ==================== #23 課程訂單主檔 ORDER_MASTER ====================
-- SEQ IN DB
-- ==================== #24 課程訂單明細 ORDER_DETAIL ====================
-- NO SEQUENCE
-- ==================== #25 追蹤清單 TRACKING_LIST ====================
-- NO SEQUENCE
-- ==================== #26 題型難易度 TEST_TYPE ====================
DROP SEQUENCE SEQ_TSTYPE;
CREATE SEQUENCE SEQ_TSTYPE
    MAXVALUE 9999;
-- ==================== #27 題庫 QUESTION_BANK ====================
DROP SEQUENCE SEQ_QBANK;
CREATE SEQUENCE SEQ_QBANK
    MAXVALUE 9999;
-- ==================== #28 考卷 TESTS ====================
DROP SEQUENCE SEQ_TESTS;
CREATE SEQUENCE SEQ_TESTS
    MAXVALUE 9999;
-- ==================== #29 考卷作答明細 ANSWER_LIST ====================
DROP SEQUENCE SEQ_ANS;
CREATE SEQUENCE SEQ_ANS
    MAXVALUE 9999;



-- #################### DROP TABLE ####################

DROP TABLE ANSWER_LIST;
DROP TABLE TESTS;
DROP TABLE QUESTION_BANK;
DROP TABLE TEST_TYPE;
DROP TABLE TRACKING_LIST;
DROP TABLE ORDER_DETAIL;
DROP TABLE ORDER_MASTER;
DROP TABLE COUP_CODE;
DROP TABLE PROMO_DETAIL;
DROP TABLE PROMO_LIST;
DROP TABLE REPORT_DETAIL;
DROP TABLE POSTS;
DROP TABLE COURSE_ASSESS;
DROP TABLE COURSE_ATTACH;
DROP TABLE VIDEO_BAR;
DROP TABLE VIDEO;
DROP TABLE COURSE;
DROP TABLE COURSE_TYPE;
DROP TABLE LEC_SEAT;
DROP TABLE LEC_ORDER;
DROP TABLE LECTURE;
DROP TABLE SPEAKER;
DROP TABLE CLASSROOM;
DROP TABLE CHATTING;
DROP TABLE EMP_AUTHORITY;
DROP TABLE FUNCTIONX;
DROP TABLE EMPLOYEE;
DROP TABLE TEACHER;
DROP TABLE MEMBERS;



-- #################### CREATE TABLE ####################

-- ==================== CREATE #1 會員 MEMBERS ====================
CREATE TABLE MEMBERS (
    MEMNO           VARCHAR2(8)  NOT NULL,
    MEMACC          VARCHAR2(20) UNIQUE NOT NULL,
    MEMPWD          VARCHAR2(20) NOT NULL,
    MEMNAME         VARCHAR2(50) NOT NULL,
    NKNAME          VARCHAR2(50) ,
    MEMBDAY         DATE NOT NULL,          
    MEMAIL          VARCHAR2(60) UNIQUE NOT NULL,
    MPHONE          VARCHAR2(10) NOT NULL,
    MPROFILE        BLOB,
    REGDATE         TIMESTAMP DEFAULT CURRENT_TIMESTAMP,
    MEMDELETE       NUMBER(1) DEFAULT 0 NOT NULL CHECK(MEMDELETE IN(0, 1)), 
    CONSTRAINT PK_MEMBERS PRIMARY KEY (MEMNO)
);
-- ==================== CREATE #2 老師 TEACHER ====================
CREATE TABLE TEACHER(
    TCHRNO          VARCHAR2(8) NOT NULL,
    MEMNO           VARCHAR2(8) UNIQUE NOT NULL,
    TCHRINTRO       CLOB, 
    TCHRCERT1        BLOB,
    TCHRCERT2        BLOB,
    TCHRSTATUS      VARCHAR2(20) DEFAULT '待審核' NOT NULL CHECK(TCHRSTATUS IN('待審核', '已通過', '未通過')),
    REJREASON          VARCHAR2(60) DEFAULT '無' NOT NULL,
    BANKACC         VARCHAR2(20) NOT NULL,
    CONSTRAINT PK_TEACHER PRIMARY KEY (TCHRNO),
    CONSTRAINT FK_TEACHER_MEMBERS FOREIGN KEY (MEMNO) REFERENCES MEMBERS(MEMNO)
    
);
-- ==================== CREATE #3 員工 EMPLOYEE ====================
CREATE TABLE EMPLOYEE(
    EMPNO           VARCHAR2(8) NOT NULL,
    EMPACC          VARCHAR2(20) NOT NULL,
    EMPPWD          VARCHAR2(20) NOT NULL,
    EMPNAME         VARCHAR2(50) NOT NULL,
    EMPSALARY       NUMBER(10),
    HIREDATE        DATE,
    EMPEMAIL        VARCHAR2(60),
    EMPDELETE       NUMBER(1),
    EMPPIC          BLOB,
    CONSTRAINT PK_EMPLOYEE PRIMARY KEY (EMPNO)
);
-- ==================== CREATE #4 功能 FUNCTIONX ====================
CREATE TABLE FUNCTIONX(
    FUNCNO          VARCHAR2(8) NOT NULL,
    FUNCNAME        VARCHAR2(50) NOT NULL,
    CONSTRAINT PK_FUNCTION PRIMARY KEY (FUNCNO)
);
-- ==================== CREATE #5 員工權限 EMP_AUTHORITY ====================
CREATE TABLE EMP_AUTHORITY(
    EMPNO           VARCHAR2(8) NOT NULL,
    FUNCNO          VARCHAR2(8) NOT NULL,
    CONSTRAINT PK_EMP_AUTHORITY PRIMARY KEY (EMPNO,FUNCNO),
    CONSTRAINT FK_EMP_AUTHORITY_EMPNO FOREIGN KEY(EMPNO) REFERENCES EMPLOYEE(EMPNO),
    CONSTRAINT FK_EMP_AUTHORITY_FUNCNO FOREIGN KEY(FUNCNO) REFERENCES FUNCTIONX(FUNCNO)
);
-- ==================== CREATE #6 聊天 CHATTING ====================
CREATE TABLE CHATTING(
    CHATNO          VARCHAR2(10) NOT NULL,
    USER1           VARCHAR2(8)  NOT NULL,
    USER2           VARCHAR2(8),
    EMPNO           VARCHAR2(8),
    NAVI            NUMBER(1),
    MSG             VARCHAR2(500),
    MSGTIME         TIMESTAMP DEFAULT CURRENT_TIMESTAMP,
    MSGSTATUS       NUMBER(1),
    CONSTRAINT PK_CHATTING PRIMARY KEY(CHATNO),
    CONSTRAINT FK_CHATTING_MEMBERS_1 FOREIGN KEY (USER1) REFERENCES MEMBERS (MEMNO),
    CONSTRAINT FK_CHATTING_MEMBERS_2 FOREIGN KEY (USER2) REFERENCES MEMBERS (MEMNO),
    CONSTRAINT FK_CHATTING_EMPLOYEE FOREIGN KEY (EMPNO) REFERENCES EMPLOYEE (EMPNO)
);
-- ==================== CREATE #7 教室 CLASSROOM ====================
CREATE TABLE CLASSROOM (
    ROOMNO          VARCHAR2(8) NOT NULL,
    ROOMNAME        VARCHAR2(50) NOT NULL,
    ROOMROW         NUMBER(2) NOT NULL,
    ROOMCOLUMN      NUMBER(2) NOT NULL,
    DEFAULTSEAT     VARCHAR2(300) NOT NULL,
    ROOMDELETE      NUMBER(1) DEFAULT 0 NOT NULL CHECK(ROOMDELETE IN(0, 1)),
    ROOMLASTMOD     TIMESTAMP DEFAULT CURRENT_TIMESTAMP,
    CONSTRAINT PK_CLASSROOM PRIMARY KEY (ROOMNO)
);
-- ==================== CREATE #8 講者 SPEAKER ====================
CREATE TABLE SPEAKER(
    SPKRNO       VARCHAR2(8) NOT NULL,
    SPKRNAME     VARCHAR2(50) NOT NULL,
    SPKRPHONE    VARCHAR2(10),
    SPKREMAIL    VARCHAR2(60),
    SPKRINFO     BLOB,
    SPKRICON     BLOB,
    CONSTRAINT PK_SPEAKER PRIMARY KEY (SPKRNO)
);
-- ==================== CREATE #9 講座 LECTURE ====================
CREATE TABLE LECTURE(
    LECNO           VARCHAR2(8) NOT NULL,
    LECNAME         VARCHAR2(50) NOT NULL,
    LECPRICE        NUMBER(6) NOT NULL,
    SPKRNO          VARCHAR2(8) NOT NULL,
    ROOMNO          VARCHAR2(8) NOT NULL,
    LECSTART        TIMESTAMP NOT NULL,
    LECEND          TIMESTAMP NOT NULL,
    SIGNSTART       TIMESTAMP NOT NULL,
    SIGNEND         TIMESTAMP NOT NULL,
    INITSEAT        VARCHAR2(300),
    CURRSEAT        VARCHAR2(300),
    LECINFO         BLOB,
    LECPIC          BLOB,
    LECSTATUS       NUMBER DEFAULT 1 CHECK(LECSTATUS IN(0, 1, 2, 3)),
    LECLMOD         TIMESTAMP DEFAULT CURRENT_TIMESTAMP,
    CONSTRAINT PK_LECTURE PRIMARY KEY (LECNO),
    CONSTRAINT FK_LECTURE_SPEAKER FOREIGN KEY (SPKRNO) REFERENCES SPEAKER(SPKRNO),
    CONSTRAINT FK_LECTURE_CLASSROOM FOREIGN KEY (ROOMNO) REFERENCES CLASSROOM(ROOMNO)
);
-- ==================== CREATE #10 講座訂單 LEC_ORDER ====================
CREATE TABLE LEC_ORDER(
    LODRNO          VARCHAR2(8) NOT NULL,
    MEMNO           VARCHAR2(8) NOT NULL,
    LECNO           VARCHAR2(8) NOT NULL,
    LECAMT          NUMBER(6) NOT NULL,
    LODRSEAT        VARCHAR2(300),
    LODRSTATUS      VARCHAR2(20) DEFAULT '已付款',
    LODRTIME        TIMESTAMP DEFAULT CURRENT_TIMESTAMP,
    LODRLMOD        TIMESTAMP DEFAULT CURRENT_TIMESTAMP,
    CONSTRAINT PK_LEC_ORDER PRIMARY KEY (LODRNO),
    CONSTRAINT FK_LEC_ORDER_MEMBERS FOREIGN KEY (MEMNO) REFERENCES MEMBERS(MEMNO),
    CONSTRAINT FK_LEC_ORDER_LECTURE FOREIGN KEY (LECNO) REFERENCES LECTURE (LECNO)
);
-- ==================== CREATE #11 講座定位明細 LEC_SEAT ====================
CREATE TABLE LEC_SEAT(
    LODRNO          VARCHAR2(8) NOT NULL,
    SEATNO          VARCHAR2(4) NOT NULL,
    SEATSTATUS      VARCHAR2(20) DEFAULT '正常',
    CONSTRAINT PK_LEC_SEAT PRIMARY KEY (LODRNO, SEATNO),
    CONSTRAINT FK_LEC_SEAT_LEC_ORDER FOREIGN KEY (LODRNO) REFERENCES LEC_ORDER (LODRNO)
);
-- ==================== CREATE #12 課程種類 COURSE_TYPE ====================
CREATE TABLE COURSE_TYPE(
	CSTYPENO        VARCHAR2(8) NOT NULL,
	CSTYPENAME      VARCHAR2(50),
    CONSTRAINT PK_COURSE_TYPE PRIMARY KEY (CSTYPENO)
);
-- ==================== CREATE #13 課程 COURSE ====================
CREATE TABLE COURSE(
	COURSENO		VARCHAR2(8) NOT NULL,
	CSTYPENO		VARCHAR2(8) NOT NULL,
	TCHRNO			VARCHAR2(8) NOT NULL,
	COURSENAME		VARCHAR2(150) NOT NULL,
	COURSEINFO		CLOB,
	COURSEPRICE		NUMBER(6) NOT NULL,
	TTLTIME			NUMBER(6),
	CSSTATUS		VARCHAR(20) DEFAULT '審核中' CHECK(CSSTATUS IN('審核中','上架','下架')) NOT NULL,
	CSSCORE			NUMBER(8),
	CSSCORETIMES	NUMBER(5),
    COURSEIMG       BLOB,
    COURLMOD        TIMESTAMP DEFAULT CURRENT_TIMESTAMP,
	CONSTRAINT PK_COURSE PRIMARY KEY (COURSENO),
	CONSTRAINT FK_COURSE_COURSE_TYPE FOREIGN KEY (CSTYPENO) REFERENCES COURSE_TYPE(CSTYPENO),
	CONSTRAINT FK_COURSE_TEACHER FOREIGN KEY (TCHRNO) REFERENCES TEACHER(TCHRNO)
);
-- ==================== CREATE #14 課程影片 COURSE_VIDEO ====================
CREATE TABLE VIDEO(
	VIDEONO			VARCHAR2(8) NOT NULL,
	COURSENO 		VARCHAR2(8) NOT NULL,
	TESTSCOPE		NUMBER(3) NOT NULL,
	CHAPTERNO		NUMBER(3) NOT NULL,
	CHAPTERNAME 	VARCHAR2(150) NOT NULL,
	CHAPTERLEN		NUMBER(4),
	VIDEO 			BLOB,
	CONSTRAINT PK_VIDEO PRIMARY KEY (VIDEONO),
	CONSTRAINT FK_VIDEO_COURSE FOREIGN KEY (COURSENO) REFERENCES COURSE(COURSENO)
);
-- ==================== CREATE #15 觀看進度 VIDEO_BAR ====================
CREATE TABLE VIDEO_BAR(
    MEMNO           VARCHAR2(8) NOT NULL,
    VIDEONO         VARCHAR2(8) NOT NULL,
    VIDEOSEC        NUMBER(4),
    VIDEOTTLTIME    NUMBER(4),
    VIDEOLASTTIME   TIMESTAMP DEFAULT CURRENT_TIMESTAMP,
    CONSTRAINT PK_MEMBER_COURSE_VIDEO PRIMARY KEY (MEMNO, VIDEONO)
    --CONSTRAINT FK_VIDEO_BAR_MEMBER FOREIGN KEY (MEMNO) REFERENCES MEMBERS (MEMNO),
    --CONSTRAINT FK_VIDEO_BAR_VIDEO FOREIGN KEY (VIDEONO) REFERENCES VIDEO (VIDEONO)
);
-- ==================== CREATE #16 課程附件 COURSE_ATTACH ====================
CREATE TABLE COURSE_ATTACH(
    ATTNO           VARCHAR2(8) NOT NULL,
    COURSENO        VARCHAR2(8) NOT NULL,
    ATTNAME         VARCHAR2(50),
    ATTFILE BLOB,
    CONSTRAINT PK_COURSE_ATTACH PRIMARY KEY (ATTNO),
    CONSTRAINT FK_COURSE_ATTACH_COURSE FOREIGN KEY (COURSENO) REFERENCES COURSE (COURSENO)
);
-- ==================== CREATE #17 評價 COURSE_ASSESS ====================
CREATE TABLE COURSE_ASSESS(
    ASESNO          VARCHAR2(8) NOT NULL,
    COURSENO        VARCHAR2(8) NOT NULL,
    MEMNO           VARCHAR2(8) NOT NULL,
    COURSESCORE     NUMBER(1) NOT NULL,
    COMMENTS        VARCHAR2(300),
    COMMENTTIME     TIMESTAMP DEFAULT CURRENT_TIMESTAMP,
    CONSTRAINT PK_COURSE_ASSESS PRIMARY KEY (ASESNO),
    CONSTRAINT FK_COURSE_ASSESS_COURSE FOREIGN KEY (COURSENO) REFERENCES COURSE (COURSENO),
    CONSTRAINT FK_COURSE_ASSESS_MEMBERS FOREIGN KEY (MEMNO) REFERENCES MEMBERS (MEMNO)
);
-- ==================== CREATE #18 留言板貼文 POSTS ====================
CREATE TABLE POSTS(
    POSTNO          VARCHAR2(8) NOT NULL,
    SUPERPOSTNO     VARCHAR2(8),
    COURSENO        VARCHAR2(8) NOT NULL,
    MEMNO           VARCHAR2(8) NOT NULL,
    POSTCONTENT     VARCHAR2(300) NOT NULL,
    POSTTIME        TIMESTAMP DEFAULT CURRENT_TIMESTAMP,
    ISHIDDEN        NUMBER(1) DEFAULT 0,
    CONSTRAINT PK_POSTNO PRIMARY KEY (POSTNO),
    CONSTRAINT FK_POSTS_POSTS FOREIGN KEY (SUPERPOSTNO) REFERENCES POSTS (POSTNO),
    CONSTRAINT FK_POSTS_COURSE FOREIGN KEY (COURSENO) REFERENCES COURSE (COURSENO),
    CONSTRAINT FK_POSTS_MEMBERS FOREIGN KEY (MEMNO) REFERENCES MEMBERS (MEMNO)
);
-- ==================== CREATE #19 留言板檢舉明細 REPORT_DETAIL ====================
CREATE TABLE REPORT_DETAIL(
    REPORTNO        VARCHAR2(8) NOT NULL,
    MEMNO           VARCHAR2(8) NOT NULL,
    POSTNO          VARCHAR2(8) NOT NULL,
    POSTSTATUS      VARCHAR2(20) DEFAULT '未處理',
    EMPNO           VARCHAR2(8),
    REPORTLMOD      TIMESTAMP DEFAULT CURRENT_TIMESTAMP,
    CONSTRAINT PK_REPORT_DETAIL PRIMARY KEY(REPORTNO),
    CONSTRAINT FK_REPORT_DETAIL_MEMBERS FOREIGN KEY (MEMNO) REFERENCES MEMBERS (MEMNO),
    CONSTRAINT FK_REPORT_DETAIL_POSTS FOREIGN KEY (POSTNO) REFERENCES POSTS (POSTNO),
    CONSTRAINT FK_REPORT_DETAIL_EMPLOYEE FOREIGN KEY (EMPNO) REFERENCES EMPLOYEE (EMPNO)
);
-- ==================== CREATE #20 優惠活動表 PROMO_LIST ====================
CREATE TABLE PROMO_LIST(
	PROMONO 		VARCHAR2(8) NOT NULL,
	PROMONAME 		VARCHAR2(20),
	STARTDATE 		DATE NOT NULL,
	ENDDATE 		DATE NOT NULL,
	PROMOINFO 		VARCHAR2(60),
	CONSTRAINT PK_PROMO_LIST PRIMARY KEY (PROMONO)
);
-- ==================== CREATE #21 優惠活動明細 PROMO_DETAIL ====================
CREATE TABLE PROMO_DETAIL(
	PROMONO 		VARCHAR2(8) NOT NULL,
	CSTYPENO 		VARCHAR2(8) NOT NULL,
	PERCENTAGE 		NUMBER(3),
	CONSTRAINT PK_PROMO_DETAIL PRIMARY KEY (PROMONO, CSTYPENO),
	CONSTRAINT FK_PROMO_DETAIL_PROMO_LIST FOREIGN KEY (PROMONO) REFERENCES PROMO_LIST(PROMONO),
	CONSTRAINT FK_PROMO_DETAIL_COURSE_TYPE FOREIGN KEY (CSTYPENO) REFERENCES COURSE_TYPE(CSTYPENO)
);
-- ==================== CREATE #22 折扣碼優惠 COUP_CODE ====================
CREATE TABLE COUP_CODE(
	COUPNO 			VARCHAR2(8) NOT NULL,
	MEMNO 			VARCHAR2(8) NOT NULL,
	COUPCODE 		VARCHAR2(10) UNIQUE NOT NULL,
	DISCAMT			NUMBER(6),
	DISCSTATUS		NUMBER(1) DEFAULT 0 CHECK(DISCSTATUS IN (0, 1)),
	COUPTIME 		DATE DEFAULT CURRENT_TIMESTAMP,
	COUPEXP 		DATE,
    CONSTRAINT PK_COUP_CODE PRIMARY KEY (COUPNO),
    CONSTRAINT FK_COUP_CODE_MEMBERS FOREIGN KEY (MEMNO) REFERENCES MEMBERS(MEMNO)
);
-- ==================== CREATE #23 課程訂單主檔 ORDER_MASTER ====================
CREATE TABLE ORDER_MASTER(
	ORDERNO 		VARCHAR2(8) NOT NULL,
	MEMNO 			VARCHAR2(8) NOT NULL,
	ORDERDATE		TIMESTAMP DEFAULT CURRENT_TIMESTAMP,
	ORDERSTATUS		VARCHAR2(20) DEFAULT '已付款' CHECK (ORDERSTATUS IN ('未付款','已付款','失效訂單','已結單')),
	ORDERAMT 		NUMBER(6),
	COUPNO 			VARCHAR2(8),
	PAYBY 			VARCHAR2(20),
	CONSTRAINT PK_ORDER_MASTER PRIMARY KEY (ORDERNO),
	CONSTRAINT FK_ORDER_MASTER_MEMBERS FOREIGN KEY (MEMNO) REFERENCES MEMBERS(MEMNO),
	CONSTRAINT FK_ORDER_MASTER_COUP_CODE FOREIGN KEY (COUPNO) REFERENCES COUP_CODE(COUPNO)
);
-- ==================== CREATE #24 課程訂單明細 ORDER_DETAIL ====================
CREATE TABLE ORDER_DETAIL(
	ORDERNO			VARCHAR2(8) NOT NULL,
	COURSENO		VARCHAR2(8) NOT NULL,
	SELLPRICE		NUMBER(6),
	ODSTATUS 		VARCHAR2(20) DEFAULT '鑑賞期' CHECK (ODSTATUS IN ('鑑賞期','申請退款','退款完成','交易完成')),
	PROMONO			VARCHAR2(8),
	CONSTRAINT PK_ORDER_DETAIL PRIMARY KEY (ORDERNO, COURSENO),
	CONSTRAINT FK_ORDER_DETAIL_ORDER_MASTER FOREIGN KEY (ORDERNO) REFERENCES ORDER_MASTER(ORDERNO),
	CONSTRAINT FK_ORDER_DETAIL_COURSE FOREIGN KEY (COURSENO) REFERENCES COURSE(COURSENO),
	CONSTRAINT FK_ORDER_DETAIL_PROMO_LIST FOREIGN KEY (PROMONO) REFERENCES PROMO_LIST(PROMONO)
);
-- ==================== CREATE #25 追蹤清單 TRACKING_LIST ====================
CREATE TABLE TRACKING_LIST(
	MEMNO           VARCHAR2(8) NOT NULL,
	COURSENO        VARCHAR2(8) NOT NULL,
    CONSTRAINT PK_TRACKING_LIST PRIMARY KEY (MEMNO, COURSENO)
);
-- ==================== CREATE #26 題型難易度 TEST_TYPE ====================
CREATE TABLE TEST_TYPE(
    TESTTYPENO      NUMBER(2) NOT NULL,
    TESTTYPE        VARCHAR2(50),   
    TESTDGEE        VARCHAR2(50),
    CONSTRAINT PK_TEST_TYPE PRIMARY KEY (TESTTYPENO)
);
-- ==================== CREATE #27 題庫 QUESTION_BANK ====================
CREATE TABLE QUESTION_BANK(
    QBANKNO         VARCHAR2(8) NOT NULL,
    COURSENO        VARCHAR2(8) NOT NULL,
    TESTTYPENO      NUMBER(2) NOT NULL,
    TESTSCOPE       VARCHAR2(10) NOT NULL,
    QUSTMT          CLOB NOT NULL,
    OP1             VARCHAR2(300),
    OP2             VARCHAR2(300),
    OP3             VARCHAR2(300),
    OP4             VARCHAR2(300),
    QUANS           VARCHAR2(300) NOT NULL,
    QUSTATUS        NUMBER(1) default 1,
    CONSTRAINT PK_QUESTION_BANK PRIMARY KEY (QBANKNO),
    CONSTRAINT FK_QUESTION_BANK_COURSE FOREIGN KEY (COURSENO) REFERENCES COURSE(COURSENO),
    CONSTRAINT FK_QUESTION_BANK_TESTTYPENO FOREIGN KEY (TESTTYPENO) REFERENCES TEST_TYPE(TESTTYPENO)
);
-- ==================== CREATE #28 考卷 TESTS ====================
CREATE TABLE TESTS(
    TESTNO          VARCHAR2(8) NOT NULL,
    COURSENO        VARCHAR2(8) NOT NULL,
    MEMNO           VARCHAR2(8) NOT NULL,
    TESTSCOPE       NUMBER(2) NOT NULL,
    SCORE           NUMBER(3) NULL,
    TTLTIME         TIMESTAMP DEFAULT CURRENT_TIMESTAMP,
    CONSTRAINT PK_TESTS PRIMARY KEY (TESTNO),
    CONSTRAINT FK_TESTS_COURS FOREIGN KEY (COURSENO) REFERENCES COURSE(COURSENO),
    CONSTRAINT FK_TESTS_MEMBERS FOREIGN KEY (MEMNO) REFERENCES MEMBERS(MEMNO)
);
-- ==================== CREATE #29 考卷作答明細 ANSWER_LIST ====================
CREATE TABLE ANSWER_LIST(
    ANSNO           VARCHAR2(8) NOT NULL,
    TESTNO          VARCHAR2(8) NOT NULL,
    QBANKNO         VARCHAR2(8) NOT NULL,
    QUNO            NUMBER(2) NOT NULL,
    OPORDER         VARCHAR2(4) NOT NULL,
    TESTANS         VARCHAR2(50) NOT NULL,
    STUDENTANS      VARCHAR2(50) NULL,
    CONSTRAINT PK_ANSWER_LIST PRIMARY KEY (ANSNO),
    CONSTRAINT FK_ANSWER_LIST_TESTS FOREIGN KEY (TESTNO) REFERENCES TESTS(TESTNO),
    CONSTRAINT FK_ANSWER_LIST_QUESTION_BANK FOREIGN KEY (QBANKNO) REFERENCES QUESTION_BANK(QBANKNO)
);



-- ==================== #1 會員 MEMBERS ====================
INSERT INTO MEMBERS(MEMNO,MEMACC,MEMPWD,MEMNAME,NKNAME,MEMBDAY,MEMAIL,MPHONE) VALUES ('MEM' || LPAD(SEQ_MEMBERS.NEXTVAL, 4, 0),'M00001','123456','吳大衛','海鮮團長',TO_DATE('1986-08-10','YYYY-MM-DD'),'davidseafood@gmail.com','0988123123');
INSERT INTO MEMBERS(MEMNO,MEMACC,MEMPWD,MEMNAME,NKNAME,MEMBDAY,MEMAIL,MPHONE) VALUES ('MEM' || LPAD(SEQ_MEMBERS.NEXTVAL, 4, 0),'M00002','123456','曾愷玹','Alice',TO_DATE('1984-02-22','YYYY-MM-DD'),'alice19840222@gmail.com','0988123123');
INSERT INTO MEMBERS(MEMNO,MEMACC,MEMPWD,MEMNAME,NKNAME,MEMBDAY,MEMAIL,MPHONE) VALUES ('MEM' || LPAD(SEQ_MEMBERS.NEXTVAL, 4, 0),'M00003','123456','邱勝翊','Prince',TO_DATE('1989-04-14','YYYY-MM-DD'),'prince19890414@gmail.com','0988321321');
INSERT INTO MEMBERS(MEMNO,MEMACC,MEMPWD,MEMNAME,NKNAME,MEMBDAY,MEMAIL,MPHONE) VALUES ('MEM' || LPAD(SEQ_MEMBERS.NEXTVAL, 4, 0),'M00004','123456','鄭伊健','‎Ekin‎',TO_DATE('1967-10-04','YYYY-MM-DD'),'‎ekin19671004@gmail.com','0989123456');
INSERT INTO MEMBERS(MEMNO,MEMACC,MEMPWD,MEMNAME,NKNAME,MEMBDAY,MEMAIL,MPHONE) VALUES ('MEM' || LPAD(SEQ_MEMBERS.NEXTVAL, 4, 0),'M00005','123456','江南','PSY',TO_DATE('1977-12-31','YYYY-MM-DD'),'PSY19771231@gmail.com','0989654321');
INSERT INTO MEMBERS(MEMNO,MEMACC,MEMPWD,MEMNAME,NKNAME,MEMBDAY,MEMAIL,MPHONE) VALUES ('MEM' || LPAD(SEQ_MEMBERS.NEXTVAL, 4, 0),'M00006','123456','楊祐寧','Tony',TO_DATE('1982-08-30','YYYY-MM-DD'),'tony19820830@gmail.com','0987555666');
INSERT INTO MEMBERS(MEMNO,MEMACC,MEMPWD,MEMNAME,NKNAME,MEMBDAY,MEMAIL,MPHONE) VALUES ('MEM' || LPAD(SEQ_MEMBERS.NEXTVAL, 4, 0),'M00007','123456','黃明志','Namewee',TO_DATE('1983-05-06','YYYY-MM-DD'),'namewee19830506@gmail.com','0987666555');
INSERT INTO MEMBERS(MEMNO,MEMACC,MEMPWD,MEMNAME,NKNAME,MEMBDAY,MEMAIL,MPHONE) VALUES ('MEM' || LPAD(SEQ_MEMBERS.NEXTVAL, 4, 0),'M00008','123456','張學友','Jacky',TO_DATE('1961-07-10','YYYY-MM-DD'),'jacky19610710@gmail.com','0986321123');
INSERT INTO MEMBERS(MEMNO,MEMACC,MEMPWD,MEMNAME,NKNAME,MEMBDAY,MEMAIL,MPHONE) VALUES ('MEM' || LPAD(SEQ_MEMBERS.NEXTVAL, 4, 0),'M00009','123456','席爾巴斯·雷利','Rayleigh',TO_DATE('1961-05-13','YYYY-MM-DD'),'rayleigh@gmail.com','0988321123');
INSERT INTO MEMBERS(MEMNO,MEMACC,MEMPWD,MEMNAME,NKNAME,MEMBDAY,MEMAIL,MPHONE) VALUES ('MEM' || LPAD(SEQ_MEMBERS.NEXTVAL, 4, 0),'M00010','123456','羅羅亞·索隆','Zoro',TO_DATE('1961-01-11','YYYY-MM-DD'),'roronoazoro@gmail.com','0909321124');
INSERT INTO MEMBERS(MEMNO,MEMACC,MEMPWD,MEMNAME,NKNAME,MEMBDAY,MEMAIL,MPHONE) VALUES ('MEM' || LPAD(SEQ_MEMBERS.NEXTVAL, 4, 0),'M00011','123456','喬拉可爾·密佛格','Mihawk',TO_DATE('1977-10-25','YYYY-MM-DD'),'mihawk@gmail.com','0988321125');
INSERT INTO MEMBERS(MEMNO,MEMACC,MEMPWD,MEMNAME,NKNAME,MEMBDAY,MEMAIL,MPHONE) VALUES ('MEM' || LPAD(SEQ_MEMBERS.NEXTVAL, 4, 0),'M00012','123456','賓什莫克·香吉士','Sanji',TO_DATE('1988-03-24','YYYY-MM-DD'),'sanji@gmail.com','0988322126');
INSERT INTO MEMBERS(MEMNO,MEMACC,MEMPWD,MEMNAME,NKNAME,MEMBDAY,MEMAIL,MPHONE) VALUES ('MEM' || LPAD(SEQ_MEMBERS.NEXTVAL, 4, 0),'M00013','123456','艾波利歐·伊娃柯夫','Ladyboyking',TO_DATE('1965-01-08','YYYY-MM-DD'),'ladyboyking@gmail.com','0978351423');
INSERT INTO MEMBERS(MEMNO,MEMACC,MEMPWD,MEMNAME,NKNAME,MEMBDAY,MEMAIL,MPHONE) VALUES ('MEM' || LPAD(SEQ_MEMBERS.NEXTVAL, 4, 0),'M00014','123456','多尼多尼·喬巴','Chopper',TO_DATE('1988-12-24','YYYY-MM-DD'),'Chopper@gmail.com','0958322126');
INSERT INTO MEMBERS(MEMNO,MEMACC,MEMPWD,MEMNAME,NKNAME,MEMBDAY,MEMAIL,MPHONE) VALUES ('MEM' || LPAD(SEQ_MEMBERS.NEXTVAL, 4, 0),'M00015','123456','古蕾娃','Kureha',TO_DATE('1965-09-08','YYYY-MM-DD'),'Kureha@gmail.com','0998353423');
INSERT INTO MEMBERS(MEMNO,MEMACC,MEMPWD,MEMNAME,NKNAME,MEMBDAY,MEMAIL,MPHONE) VALUES ('MEM' || LPAD(SEQ_MEMBERS.NEXTVAL, 4, 0),'M00016','123456','騙人布','Usopp',TO_DATE('1987-04-01','YYYY-MM-DD'),'usopp@gmail.com','0986322426');
INSERT INTO MEMBERS(MEMNO,MEMACC,MEMPWD,MEMNAME,NKNAME,MEMBDAY,MEMAIL,MPHONE) VALUES ('MEM' || LPAD(SEQ_MEMBERS.NEXTVAL, 4, 0),'M00017','123456','蒙其D魯夫','Luffy',TO_DATE('1991-05-05','YYYY-MM-DD'),'luffy@gmail.com','0987321123');
INSERT INTO MEMBERS(MEMNO,MEMACC,MEMPWD,MEMNAME,NKNAME,MEMBDAY,MEMAIL,MPHONE) VALUES ('MEM' || LPAD(SEQ_MEMBERS.NEXTVAL, 4, 0),'M00018','123456','娜美','Nami',TO_DATE('2000-07-03','YYYY-MM-DD'),'nami@gmail.com','0988123456');
INSERT INTO MEMBERS(MEMNO,MEMACC,MEMPWD,MEMNAME,NKNAME,MEMBDAY,MEMAIL,MPHONE) VALUES ('MEM' || LPAD(SEQ_MEMBERS.NEXTVAL, 4, 0),'M00019','123456','哈雷達斯','Haredas',TO_DATE('1965-01-08','YYYY-MM-DD'),'haredas@gmail.com','0978989423');
INSERT INTO MEMBERS(MEMNO,MEMACC,MEMPWD,MEMNAME,NKNAME,MEMBDAY,MEMAIL,MPHONE) VALUES ('MEM' || LPAD(SEQ_MEMBERS.NEXTVAL, 4, 0),'M00020','123456','妮可·羅賓','Robin',TO_DATE('1988-02-06','YYYY-MM-DD'),'robin@gmail.com','0918462126');
INSERT INTO MEMBERS(MEMNO,MEMACC,MEMPWD,MEMNAME,NKNAME,MEMBDAY,MEMAIL,MPHONE) VALUES ('MEM' || LPAD(SEQ_MEMBERS.NEXTVAL, 4, 0),'M00021','123456','佛朗基','Franky',TO_DATE('1965-03-09','YYYY-MM-DD'),'franky@gmail.com','0928353342');
INSERT INTO MEMBERS(MEMNO,MEMACC,MEMPWD,MEMNAME,NKNAME,MEMBDAY,MEMAIL,MPHONE) VALUES ('MEM' || LPAD(SEQ_MEMBERS.NEXTVAL, 4, 0),'M00022','123456','布魯克','Brook',TO_DATE('1988-04-03','YYYY-MM-DD'),'brook@gmail.com','0999129169');
INSERT INTO MEMBERS(MEMNO,MEMACC,MEMPWD,MEMNAME,NKNAME,MEMBDAY,MEMAIL,MPHONE) VALUES ('MEM' || LPAD(SEQ_MEMBERS.NEXTVAL, 4, 0),'M00023','123456','吉貝爾','Jinbe',TO_DATE('1965-04-02','YYYY-MM-DD'),'jinbe@gmail.com','0933143544');
INSERT INTO MEMBERS(MEMNO,MEMACC,MEMPWD,MEMNAME,NKNAME,MEMBDAY,MEMAIL,MPHONE) VALUES ('MEM' || LPAD(SEQ_MEMBERS.NEXTVAL, 4, 0),'M00024','123456','櫻木花道','我是天才',TO_DATE('1989-04-01','YYYY-MM-DD'),'sakuragihanamichi@gmail.com','0918322336');
INSERT INTO MEMBERS(MEMNO,MEMACC,MEMPWD,MEMNAME,NKNAME,MEMBDAY,MEMAIL,MPHONE) VALUES ('MEM' || LPAD(SEQ_MEMBERS.NEXTVAL, 4, 0),'M00025','123456','流川楓','牛穿轟',TO_DATE('1989-01-01','YYYY-MM-DD'),'rukawakaede@gmail.com','0938341423');
INSERT INTO MEMBERS(MEMNO,MEMACC,MEMPWD,MEMNAME,NKNAME,MEMBDAY,MEMAIL,MPHONE) VALUES ('MEM' || LPAD(SEQ_MEMBERS.NEXTVAL, 4, 0),'M00026','123456','宮城良田','第一控衛',TO_DATE('1988-07-31','YYYY-MM-DD'),'miyagiryota@gmail.com','0994322126');
INSERT INTO MEMBERS(MEMNO,MEMACC,MEMPWD,MEMNAME,NKNAME,MEMBDAY,MEMAIL,MPHONE) VALUES ('MEM' || LPAD(SEQ_MEMBERS.NEXTVAL, 4, 0),'M00027','123456','三井壽','教練我想打球',TO_DATE('1987-05-22','YYYY-MM-DD'),'mitsuihisashi@gmail.com','0917431423');
INSERT INTO MEMBERS(MEMNO,MEMACC,MEMPWD,MEMNAME,NKNAME,MEMBDAY,MEMAIL,MPHONE) VALUES ('MEM' || LPAD(SEQ_MEMBERS.NEXTVAL, 4, 0),'M00028','123456','赤木剛憲','大猩猩',TO_DATE('1988-05-10','YYYY-MM-DD'),'akagitakenori@gmail.com','0911322126');
INSERT INTO MEMBERS(MEMNO,MEMACC,MEMPWD,MEMNAME,NKNAME,MEMBDAY,MEMAIL,MPHONE) VALUES ('MEM' || LPAD(SEQ_MEMBERS.NEXTVAL, 4, 0),'M00029','123456','木暮公延','眼鏡哥',TO_DATE('1988-07-12','YYYY-MM-DD'),'kogurekiminobu@gmail.com','0922341413');
INSERT INTO MEMBERS(MEMNO,MEMACC,MEMPWD,MEMNAME,NKNAME,MEMBDAY,MEMAIL,MPHONE) VALUES ('MEM' || LPAD(SEQ_MEMBERS.NEXTVAL, 4, 0),'M00030','123456','安西教練','老爹',TO_DATE('1966-11-11','YYYY-MM-DD'),'mitsuyoshianzai@gmail.com','0921343554');
-- ==================== #2 老師 TEACHER ====================
INSERT INTO TEACHER(TCHRNO,MEMNO,TCHRINTRO,BANKACC,TCHRSTATUS)VALUES ('TCHR' || LPAD(SEQ_TCHR.NEXTVAL, 4, 0),'MEM0001','<h2>1.擅長領域</h2><ul><li>1.JAVA程式後端技術</li><li>2.直播賣海鮮(曾經創造出10秒賣出千萬業績)</li></ul><h2>2.教學經驗</h2><ul><li>1.從入門到放棄大概花了1個禮拜</li><li>2.再從放棄到JAVA大師<br>大概9年的教學經驗<br>現任TiabameJAVA扛霸子(如果大吳老師不在的話)</li></ul><h2>3.最高學歷</h2><ul><li>1.海鮮團長</li><li>2.中壢TiabameJava班第一名畢業</li></ul>','013132231093363','已通過');
INSERT INTO TEACHER(TCHRNO,MEMNO,BANKACC,TCHRSTATUS)VALUES ('TCHR' || LPAD(SEQ_TCHR.NEXTVAL, 4, 0),'MEM0002','014010309917239','已通過');
INSERT INTO TEACHER(TCHRNO,MEMNO,BANKACC,TCHRSTATUS)VALUES ('TCHR' || LPAD(SEQ_TCHR.NEXTVAL, 4, 0),'MEM0003','013269415754939','已通過');
INSERT INTO TEACHER(TCHRNO,MEMNO,BANKACC,TCHRSTATUS)VALUES ('TCHR' || LPAD(SEQ_TCHR.NEXTVAL, 4, 0),'MEM0004','084614773869509','已通過');
INSERT INTO TEACHER(TCHRNO,MEMNO,BANKACC,TCHRSTATUS)VALUES ('TCHR' || LPAD(SEQ_TCHR.NEXTVAL, 4, 0),'MEM0005','084797978081758','已通過');
INSERT INTO TEACHER(TCHRNO,MEMNO,BANKACC,TCHRSTATUS)VALUES ('TCHR' || LPAD(SEQ_TCHR.NEXTVAL, 4, 0),'MEM0006','014269412634712','已通過');
INSERT INTO TEACHER(TCHRNO,MEMNO,BANKACC,TCHRSTATUS)VALUES ('TCHR' || LPAD(SEQ_TCHR.NEXTVAL, 4, 0),'MEM0007','012572412746394','已通過');
INSERT INTO TEACHER(TCHRNO,MEMNO,BANKACC,TCHRSTATUS)VALUES ('TCHR' || LPAD(SEQ_TCHR.NEXTVAL, 4, 0),'MEM0008','012572412746394','待審核');
INSERT INTO TEACHER(TCHRNO,MEMNO,BANKACC,TCHRSTATUS)VALUES ('TCHR' || LPAD(SEQ_TCHR.NEXTVAL, 4, 0),'MEM0009','012572412746394','已通過');
INSERT INTO TEACHER(TCHRNO,MEMNO,BANKACC,TCHRSTATUS)VALUES ('TCHR' || LPAD(SEQ_TCHR.NEXTVAL, 4, 0),'MEM0011','014010309917239','已通過');
INSERT INTO TEACHER(TCHRNO,MEMNO,BANKACC,TCHRSTATUS)VALUES ('TCHR' || LPAD(SEQ_TCHR.NEXTVAL, 4, 0),'MEM0012','013269415754939','待審核');
INSERT INTO TEACHER(TCHRNO,MEMNO,BANKACC,TCHRSTATUS)VALUES ('TCHR' || LPAD(SEQ_TCHR.NEXTVAL, 4, 0),'MEM0013','084614773869509','已通過');
INSERT INTO TEACHER(TCHRNO,MEMNO,BANKACC,TCHRSTATUS)VALUES ('TCHR' || LPAD(SEQ_TCHR.NEXTVAL, 4, 0),'MEM0014','084797978081758','待審核');
INSERT INTO TEACHER(TCHRNO,MEMNO,BANKACC,TCHRSTATUS)VALUES ('TCHR' || LPAD(SEQ_TCHR.NEXTVAL, 4, 0),'MEM0015','014269412634712','已通過');
INSERT INTO TEACHER(TCHRNO,MEMNO,BANKACC,TCHRSTATUS)VALUES ('TCHR' || LPAD(SEQ_TCHR.NEXTVAL, 4, 0),'MEM0016','012572412746394','待審核');
INSERT INTO TEACHER(TCHRNO,MEMNO,BANKACC,TCHRSTATUS)VALUES ('TCHR' || LPAD(SEQ_TCHR.NEXTVAL, 4, 0),'MEM0017','012572412746394','已通過');
INSERT INTO TEACHER(TCHRNO,MEMNO,BANKACC,TCHRSTATUS)VALUES ('TCHR' || LPAD(SEQ_TCHR.NEXTVAL, 4, 0),'MEM0018','012572412746394','待審核');
INSERT INTO TEACHER(TCHRNO,MEMNO,BANKACC,TCHRSTATUS)VALUES ('TCHR' || LPAD(SEQ_TCHR.NEXTVAL, 4, 0),'MEM0019','013132231093363','已通過');
INSERT INTO TEACHER(TCHRNO,MEMNO,BANKACC,TCHRSTATUS)VALUES ('TCHR' || LPAD(SEQ_TCHR.NEXTVAL, 4, 0),'MEM0020','014010309917239','待審核');
INSERT INTO TEACHER(TCHRNO,MEMNO,BANKACC,TCHRSTATUS)VALUES ('TCHR' || LPAD(SEQ_TCHR.NEXTVAL, 4, 0),'MEM0021','013269415754939','待審核');
INSERT INTO TEACHER(TCHRNO,MEMNO,BANKACC,TCHRSTATUS)VALUES ('TCHR' || LPAD(SEQ_TCHR.NEXTVAL, 4, 0),'MEM0022','084614773869509','待審核');
INSERT INTO TEACHER(TCHRNO,MEMNO,BANKACC,TCHRSTATUS)VALUES ('TCHR' || LPAD(SEQ_TCHR.NEXTVAL, 4, 0),'MEM0023','084797978081758','已通過');
INSERT INTO TEACHER(TCHRNO,MEMNO,BANKACC,TCHRSTATUS)VALUES ('TCHR' || LPAD(SEQ_TCHR.NEXTVAL, 4, 0),'MEM0024','014269412634712','未通過');
INSERT INTO TEACHER(TCHRNO,MEMNO,BANKACC,TCHRSTATUS)VALUES ('TCHR' || LPAD(SEQ_TCHR.NEXTVAL, 4, 0),'MEM0026','012572412746394','待審核');
INSERT INTO TEACHER(TCHRNO,MEMNO,BANKACC,TCHRSTATUS)VALUES ('TCHR' || LPAD(SEQ_TCHR.NEXTVAL, 4, 0),'MEM0027','012572412746394','未通過');
INSERT INTO TEACHER(TCHRNO,MEMNO,BANKACC,TCHRSTATUS)VALUES ('TCHR' || LPAD(SEQ_TCHR.NEXTVAL, 4, 0),'MEM0028','012572412746394','已通過');
INSERT INTO TEACHER(TCHRNO,MEMNO,BANKACC,TCHRSTATUS)VALUES ('TCHR' || LPAD(SEQ_TCHR.NEXTVAL, 4, 0),'MEM0029','012572412746394','已通過');
INSERT INTO TEACHER(TCHRNO,MEMNO,BANKACC,TCHRSTATUS)VALUES ('TCHR' || LPAD(SEQ_TCHR.NEXTVAL, 4, 0),'MEM0030','012572412746394','已通過');
-- ==================== #3 員工 EMPLOYEE ====================
INSERT INTO EMPLOYEE(EMPNO, EMPACC, EMPPWD, EMPNAME, EMPSALARY, HIREDATE, EMPEMAIL, EMPDELETE)
VALUES('EMP' || LPAD(SEQ_EMPLOYEE.NEXTVAL, 4, 0), 'T00001', 123456, '大原所長', 70000, TO_DATE('2014-02-20','YYYY-MM-DD'), 'a123@gmail.com', 0);
INSERT INTO EMPLOYEE(EMPNO, EMPACC, EMPPWD, EMPNAME, EMPSALARY, HIREDATE, EMPEMAIL, EMPDELETE)
VALUES('EMP' || LPAD(SEQ_EMPLOYEE.NEXTVAL, 4, 0), 'T00002', 123456, '兩津勘吉', 45000, TO_DATE('2016-04-15','YYYY-MM-DD'), 'b456@gmail.com', 0);
INSERT INTO EMPLOYEE(EMPNO, EMPACC, EMPPWD, EMPNAME, EMPSALARY, HIREDATE, EMPEMAIL, EMPDELETE)
VALUES('EMP' || LPAD(SEQ_EMPLOYEE.NEXTVAL, 4, 0), 'T00003', 123456, '中川圭一', 40000, TO_DATE('2017-08-25','YYYY-MM-DD'), 'c789@gmail.com', 0);
INSERT INTO EMPLOYEE(EMPNO, EMPACC, EMPPWD, EMPNAME, EMPSALARY, HIREDATE, EMPEMAIL, EMPDELETE)
VALUES('EMP' || LPAD(SEQ_EMPLOYEE.NEXTVAL, 4, 0), 'T00004', 123456, '秋本麗子', 40000, TO_DATE('2017-11-01','YYYY-MM-DD'), 'd741@gmail.com', 0);
INSERT INTO EMPLOYEE(EMPNO, EMPACC, EMPPWD, EMPNAME, EMPSALARY, HIREDATE, EMPEMAIL, EMPDELETE)
VALUES('EMP' || LPAD(SEQ_EMPLOYEE.NEXTVAL, 4, 0), 'T00005', 123456, '麻里愛', 37000, TO_DATE('2018-07-25','YYYY-MM-DD'), 'e852@gmail.com', 0);
INSERT INTO EMPLOYEE(EMPNO, EMPACC, EMPPWD, EMPNAME, EMPSALARY, HIREDATE, EMPEMAIL, EMPDELETE)
VALUES('EMP' || LPAD(SEQ_EMPLOYEE.NEXTVAL, 4, 0), 'T00006', 123456, '本田速人', 37000, TO_DATE('2019-01-15','YYYY-MM-DD'), 'h963@gmail.com', 0);
INSERT INTO EMPLOYEE(EMPNO, EMPACC, EMPPWD, EMPNAME, EMPSALARY, HIREDATE, EMPEMAIL, EMPDELETE)
VALUES('EMP' || LPAD(SEQ_EMPLOYEE.NEXTVAL, 4, 0), 'T00007', 123456, '奈緒子', 36000, TO_DATE('2019-04-20','YYYY-MM-DD'), 'i753@gmail.com', 0);
INSERT INTO EMPLOYEE(EMPNO, EMPACC, EMPPWD, EMPNAME, EMPSALARY, HIREDATE, EMPEMAIL, EMPDELETE)
VALUES('EMP' || LPAD(SEQ_EMPLOYEE.NEXTVAL, 4, 0), 'T00008', 123456, '龍之介', 35000, TO_DATE('2019-09-17','YYYY-MM-DD'), 'j951@gmail.com', 0);
INSERT INTO EMPLOYEE(EMPNO, EMPACC, EMPPWD, EMPNAME, EMPSALARY, HIREDATE, EMPEMAIL, EMPDELETE)
VALUES('EMP' || LPAD(SEQ_EMPLOYEE.NEXTVAL, 4, 0), 'T00009', 123456, '波爾波', 35500, TO_DATE('2020-01-05','YYYY-MM-DD'), 'k785@gmail.com', 0);
INSERT INTO EMPLOYEE(EMPNO, EMPACC, EMPPWD, EMPNAME, EMPSALARY, HIREDATE, EMPEMAIL, EMPDELETE)
VALUES('EMP' || LPAD(SEQ_EMPLOYEE.NEXTVAL, 4, 0), 'T00010', 123456, '奈奈', 35000, TO_DATE('2020-04-10','YYYY-MM-DD'), 'l963@gmail.com', 0);
INSERT INTO EMPLOYEE(EMPNO, EMPACC, EMPPWD, EMPNAME, EMPSALARY, HIREDATE, EMPEMAIL, EMPDELETE)
VALUES('EMP' || LPAD(SEQ_EMPLOYEE.NEXTVAL, 4, 0), 'T00011', 123456, '寺井洋一', 32000, TO_DATE('2020-06-25','YYYY-MM-DD'), 'k017@gmail.com', 0);
INSERT INTO EMPLOYEE(EMPNO, EMPACC, EMPPWD, EMPNAME, EMPSALARY, HIREDATE, EMPEMAIL, EMPDELETE)
VALUES('EMP' || LPAD(SEQ_EMPLOYEE.NEXTVAL, 4, 0), 'T00012', 123456, '惠比壽', 32000, TO_DATE('2020-07-01','YYYY-MM-DD'), 'm354@gmail.com', 0);
-- ==================== #4 功能 FUNCTIONX ====================
INSERT INTO FUNCTIONX(FUNCNO, FUNCNAME)
VALUES('FUN' || LPAD(SEQ_FUNCTIONX.NEXTVAL, 4, 0), '員工管理');
INSERT INTO FUNCTIONX(FUNCNO, FUNCNAME)
VALUES('FUN' || LPAD(SEQ_FUNCTIONX.NEXTVAL, 4, 0), '老師管理');
INSERT INTO FUNCTIONX(FUNCNO, FUNCNAME)
VALUES('FUN' || LPAD(SEQ_FUNCTIONX.NEXTVAL, 4, 0), '實體講座');
INSERT INTO FUNCTIONX(FUNCNO, FUNCNAME)
VALUES('FUN' || LPAD(SEQ_FUNCTIONX.NEXTVAL, 4, 0), '課程商城');
-- ==================== #5 員工權限 EMP_AUTHORITY ====================
INSERT INTO EMP_AUTHORITY(EMPNO, FUNCNO) VALUES('EMP0001', 'FUN0001');
INSERT INTO EMP_AUTHORITY(EMPNO, FUNCNO) VALUES('EMP0001', 'FUN0002');
INSERT INTO EMP_AUTHORITY(EMPNO, FUNCNO) VALUES('EMP0001', 'FUN0003');
INSERT INTO EMP_AUTHORITY(EMPNO, FUNCNO) VALUES('EMP0001', 'FUN0004');
-- ==================== #6 聊天 CHATTING ====================
INSERT INTO CHATTING (CHATNO, USER1, USER2, NAVI, MSG, MSGTIME, MSGSTATUS)
VALUES('CHATNO' || LPAD(SEQ_CHATNO.NEXTVAL, 4, 0), 'MEM0001', 'MEM0002',1,'Hello',CURRENT_TIMESTAMP,1);
INSERT INTO CHATTING (CHATNO, USER1, EMPNO, NAVI, MSG, MSGTIME, MSGSTATUS)
VALUES('CHATNO' || LPAD(SEQ_CHATNO.NEXTVAL, 4, 0), 'MEM0001', 'EMP0001',1,'你好',CURRENT_TIMESTAMP,1);
-- ==================== #7 教室 CLASSROOM ====================
INSERT INTO CLASSROOM (ROOMNO, ROOMNAME, ROOMROW, ROOMCOLUMN, DEFAULTSEAT)
VALUES('ROOM' || LPAD(SEQ_ROOMNO.NEXTVAL, 4, 0), 'A303', 3, 3, '111111111');
INSERT INTO CLASSROOM (ROOMNO, ROOMNAME, ROOMROW, ROOMCOLUMN, DEFAULTSEAT)
VALUES('ROOM' || LPAD(SEQ_ROOMNO.NEXTVAL, 4, 0), 'A305', 6, 3, '111111111111111111');
INSERT INTO CLASSROOM (ROOMNO, ROOMNAME, ROOMROW, ROOMCOLUMN, DEFAULTSEAT)
VALUES('ROOM' || LPAD(SEQ_ROOMNO.NEXTVAL, 4, 0), 'B402', 3, 3, '111111111');
INSERT INTO CLASSROOM (ROOMNO, ROOMNAME, ROOMROW, ROOMCOLUMN, DEFAULTSEAT)
VALUES('ROOM' || LPAD(SEQ_ROOMNO.NEXTVAL, 4, 0), 'B501', 3, 4, '111111111111');
INSERT INTO CLASSROOM (ROOMNO, ROOMNAME, ROOMROW, ROOMCOLUMN, DEFAULTSEAT)
VALUES('ROOM' || LPAD(SEQ_ROOMNO.NEXTVAL, 4, 0), 'B502', 5, 3, '111111111111111');
INSERT INTO CLASSROOM (ROOMNO, ROOMNAME, ROOMROW, ROOMCOLUMN, DEFAULTSEAT)
VALUES('ROOM' || LPAD(SEQ_ROOMNO.NEXTVAL, 4, 0), 'A102', 5, 5, '1111111111111111111111111');
-- ==================== #8 講者 SPEAKER ====================
INSERT INTO SPEAKER (SPKRNO, SPKRNAME, SPKRPHONE, SPKREMAIL)
VALUES('SPKR' || LPAD(SEQ_SPKRNO.NEXTVAL, 4, 0), '生活風格講師：長髮公主', '0963135246','rapunzel@hotmail.com');
INSERT INTO SPEAKER (SPKRNO, SPKRNAME, SPKRPHONE, SPKREMAIL)
VALUES('SPKR' || LPAD(SEQ_SPKRNO.NEXTVAL, 4, 0), '生活風格講師：食神古斯托', '0937821359','ratatouille@gmail.com');
INSERT INTO SPEAKER (SPKRNO, SPKRNAME, SPKRPHONE, SPKREMAIL)
VALUES('SPKR' || LPAD(SEQ_SPKRNO.NEXTVAL, 4, 0), '投資大師：閃電麥坤', '0913586878','cars@gmail.com');
INSERT INTO SPEAKER (SPKRNO, SPKRNAME, SPKRPHONE, SPKREMAIL)
VALUES('SPKR' || LPAD(SEQ_SPKRNO.NEXTVAL, 4, 0), '生活風格講師：衣夫人', '0913555688','edna@gmail.com');
INSERT INTO SPEAKER (SPKRNO, SPKRNAME, SPKRPHONE, SPKREMAIL)
VALUES('SPKR' || LPAD(SEQ_SPKRNO.NEXTVAL, 4, 0), '投資大師：驚驚', '0922581234','fear@gmail.com');
INSERT INTO SPEAKER (SPKRNO, SPKRNAME, SPKRPHONE, SPKREMAIL)
VALUES('SPKR' || LPAD(SEQ_SPKRNO.NEXTVAL, 4, 0), '程式小王子：巴斯光年', '0913586878','buzz@gmail.com');
INSERT INTO SPEAKER (SPKRNO, SPKRNAME, SPKRPHONE, SPKREMAIL)
VALUES('SPKR' || LPAD(SEQ_SPKRNO.NEXTVAL, 4, 0), '生活風格講師：花仙子', '0954659321','tinkerbell@gmail.com');
INSERT INTO SPEAKER (SPKRNO, SPKRNAME, SPKRPHONE, SPKREMAIL)
VALUES('SPKR' || LPAD(SEQ_SPKRNO.NEXTVAL, 4, 0), '生活風格講師：潘妮洛普', '0972666833','penelope@gmail.com');
INSERT INTO SPEAKER (SPKRNO, SPKRNAME, SPKRPHONE, SPKREMAIL)
VALUES('SPKR' || LPAD(SEQ_SPKRNO.NEXTVAL, 4, 0), '生活風格講師：Roger', '0992126333','roger@gmail.com');
INSERT INTO SPEAKER (SPKRNO, SPKRNAME, SPKRPHONE, SPKREMAIL)
VALUES('SPKR' || LPAD(SEQ_SPKRNO.NEXTVAL, 4, 0), '生活風格講師：洪金豹', '0960016353','clawhausert@gmail.com');
INSERT INTO SPEAKER (SPKRNO, SPKRNAME, SPKRPHONE, SPKREMAIL)
VALUES('SPKR' || LPAD(SEQ_SPKRNO.NEXTVAL, 4, 0), '投資大師：麥克華斯基', '0994876339','mike@gmail.com');
INSERT INTO SPEAKER (SPKRNO, SPKRNAME, SPKRPHONE, SPKREMAIL)
VALUES('SPKR' || LPAD(SEQ_SPKRNO.NEXTVAL, 4, 0), '生活風格講師：愛麗絲', '0962556337','alice@gmail.com');
INSERT INTO SPEAKER (SPKRNO, SPKRNAME, SPKRPHONE, SPKREMAIL)
VALUES('SPKR' || LPAD(SEQ_SPKRNO.NEXTVAL, 4, 0), '投資大師：小羅', '0972669336','up@gmail.com');
-- ==================== #9 講座 LECTURE ====================
INSERT INTO LECTURE (LECNO,LECNAME,LECPRICE,SPKRNO,ROOMNO,LECSTART,LECEND,SIGNSTART,SIGNEND,INITSEAT,CURRSEAT,LECSTATUS,LECLMOD) 
VALUES ('LEC0001','地表最強防身術',400,'SPKR0001','ROOM0001',to_timestamp('07-OCT-20 03.00.00.000000000 PM','DD-MON-RR HH.MI.SSXFF AM'),
to_timestamp('07-OCT-20 05.00.00.000000000 PM','DD-MON-RR HH.MI.SSXFF AM'),to_timestamp('06-OCT-20 12.00.00.000000000 AM','DD-MON-RR HH.MI.SSXFF AM'),to_timestamp('07-NOV-20 12.00.00.000000000 AM','DD-MON-RR HH.MI.SSXFF AM'),
'111111111','133133111',3,to_timestamp('05-NOV-20 07.10.24.610000000 PM','DD-MON-RR HH.MI.SSXFF AM'));

INSERT INTO LECTURE (LECNO,LECNAME,LECPRICE,SPKRNO,ROOMNO,LECSTART,LECEND,SIGNSTART,SIGNEND,INITSEAT,CURRSEAT,LECSTATUS,LECLMOD) 
VALUES ('LEC0002','料理非難事：五星廚神上菜囉',700,'SPKR0002','ROOM0003',to_timestamp('15-OCT-20 06.00.00.000000000 PM','DD-MON-RR HH.MI.SSXFF AM'),
to_timestamp('15-OCT-20 08.00.00.000000000 PM','DD-MON-RR HH.MI.SSXFF AM'),to_timestamp('06-OCT-20 12.00.00.000000000 AM','DD-MON-RR HH.MI.SSXFF AM'),to_timestamp('07-NOV-20 12.00.00.000000000 AM','DD-MON-RR HH.MI.SSXFF AM'),
'111111111','111111111',0,to_timestamp('18-OCT-20 05.02.54.956738000 PM','DD-MON-RR HH.MI.SSXFF AM'));

INSERT INTO LECTURE (LECNO,LECNAME,LECPRICE,SPKRNO,ROOMNO,LECSTART,LECEND,SIGNSTART,SIGNEND,INITSEAT,CURRSEAT,LECSTATUS,LECLMOD) 
VALUES ('LEC0003','挑選您的第一台閃電名車',400,'SPKR0003','ROOM0002',to_timestamp('02-NOV-20 08.00.00.000000000 PM','DD-MON-RR HH.MI.SSXFF AM'),
to_timestamp('02-NOV-20 09.00.00.000000000 PM','DD-MON-RR HH.MI.SSXFF AM'),to_timestamp('02-OCT-20 12.00.00.000000000 AM','DD-MON-RR HH.MI.SSXFF AM'),to_timestamp('01-NOV-20 12.00.00.000000000 AM','DD-MON-RR HH.MI.SSXFF AM'),
'101101101101101101','103103103101101101',3,to_timestamp('05-NOV-20 07.18.46.185000000 PM','DD-MON-RR HH.MI.SSXFF AM'));

INSERT INTO LECTURE (LECNO,LECNAME,LECPRICE,SPKRNO,ROOMNO,LECSTART,LECEND,SIGNSTART,SIGNEND,INITSEAT,CURRSEAT,LECSTATUS,LECLMOD) 
VALUES ('LEC0004','裁縫比你想的更藝術',300,'SPKR0004','ROOM0001',to_timestamp('07-NOV-20 03.00.00.000000000 PM','DD-MON-RR HH.MI.SSXFF AM'),
to_timestamp('07-NOV-20 05.00.00.000000000 PM','DD-MON-RR HH.MI.SSXFF AM'),to_timestamp('06-OCT-20 12.00.00.000000000 AM','DD-MON-RR HH.MI.SSXFF AM'),to_timestamp('06-NOV-20 12.00.00.000000000 AM','DD-MON-RR HH.MI.SSXFF AM'),
'111111111','111111111',3,to_timestamp('18-OCT-20 05.02.54.956738000 PM','DD-MON-RR HH.MI.SSXFF AM'));

INSERT INTO LECTURE (LECNO,LECNAME,LECPRICE,SPKRNO,ROOMNO,LECSTART,LECEND,SIGNSTART,SIGNEND,INITSEAT,CURRSEAT,LECSTATUS,LECLMOD) 
VALUES ('LEC0005','比大腦更有邏輯的最強筆記術',220,'SPKR0005','ROOM0004',to_timestamp('06-NOV-20 07.00.00.000000000 PM','DD-MON-RR HH.MI.SSXFF AM'),
to_timestamp('06-NOV-20 08.00.00.000000000 PM','DD-MON-RR HH.MI.SSXFF AM'),to_timestamp('06-OCT-20 12.00.00.000000000 AM','DD-MON-RR HH.MI.SSXFF AM'),to_timestamp('05-NOV-20 12.00.00.000000000 AM','DD-MON-RR HH.MI.SSXFF AM'),
'111110011111','111110011111',3,to_timestamp('18-OCT-20 05.12.44.526610000 PM','DD-MON-RR HH.MI.SSXFF AM'));

INSERT INTO LECTURE (LECNO,LECNAME,LECPRICE,SPKRNO,ROOMNO,LECSTART,LECEND,SIGNSTART,SIGNEND,INITSEAT,CURRSEAT,LECSTATUS,LECLMOD) 
VALUES ('LEC0006','巴斯光年的程式宇宙觀',600,'SPKR0006','ROOM0001',to_timestamp('21-NOV-20 10.00.00.000000000 AM','DD-MON-RR HH.MI.SSXFF AM'),
to_timestamp('21-NOV-20 12.00.00.000000000 PM','DD-MON-RR HH.MI.SSXFF AM'),to_timestamp('21-OCT-20 12.00.00.000000000 AM','DD-MON-RR HH.MI.SSXFF AM'),to_timestamp('20-NOV-20 12.00.00.000000000 AM','DD-MON-RR HH.MI.SSXFF AM'),
'111101111','122102111',1,to_timestamp('05-NOV-20 07.21.22.934000000 PM','DD-MON-RR HH.MI.SSXFF AM'));

INSERT INTO LECTURE (LECNO,LECNAME,LECPRICE,SPKRNO,ROOMNO,LECSTART,LECEND,SIGNSTART,SIGNEND,INITSEAT,CURRSEAT,LECSTATUS,LECLMOD) 
VALUES ('LEC0007','插花也是一種行銷',900,'SPKR0007','ROOM0003',to_timestamp('11-NOV-20 11.00.00.000000000 PM','DD-MON-RR HH.MI.SSXFF AM'),
to_timestamp('12-NOV-20 01.00.00.000000000 AM','DD-MON-RR HH.MI.SSXFF AM'),to_timestamp('11-OCT-20 12.00.00.000000000 AM','DD-MON-RR HH.MI.SSXFF AM'),to_timestamp('10-NOV-20 12.00.00.000000000 AM','DD-MON-RR HH.MI.SSXFF AM'),
'101010101','303010101',3,to_timestamp('05-NOV-20 07.43.58.735000000 PM','DD-MON-RR HH.MI.SSXFF AM'));

INSERT INTO LECTURE (LECNO,LECNAME,LECPRICE,SPKRNO,ROOMNO,LECSTART,LECEND,SIGNSTART,SIGNEND,INITSEAT,CURRSEAT,LECSTATUS,LECLMOD) 
VALUES ('LEC0008','冒險吧！美國66號公路旅行分享',180,'SPKR0008','ROOM0001',to_timestamp('17-NOV-20 08.00.00.000000000 PM','DD-MON-RR HH.MI.SSXFF AM'),
to_timestamp('17-NOV-20 09.00.00.000000000 PM','DD-MON-RR HH.MI.SSXFF AM'),to_timestamp('17-OCT-20 12.00.00.000000000 AM','DD-MON-RR HH.MI.SSXFF AM'),
to_timestamp('16-NOV-20 12.00.00.000000000 AM','DD-MON-RR HH.MI.SSXFF AM'),'111111000','111111000',1,to_timestamp('18-OCT-20 05.19.39.705008000 PM','DD-MON-RR HH.MI.SSXFF AM'));

INSERT INTO LECTURE (LECNO,LECNAME,LECPRICE,SPKRNO,ROOMNO,LECSTART,LECEND,SIGNSTART,SIGNEND,INITSEAT,CURRSEAT,LECSTATUS,LECLMOD) 
VALUES ('LEC0009','成為狗最忠實的朋友',400,'SPKR0009','ROOM0003',to_timestamp('19-OCT-20 06.00.00.000000000 PM','DD-MON-RR HH.MI.SSXFF AM'),
to_timestamp('19-OCT-20 08.00.00.000000000 PM','DD-MON-RR HH.MI.SSXFF AM'),to_timestamp('06-OCT-20 12.00.00.000000000 AM','DD-MON-RR HH.MI.SSXFF AM'),to_timestamp('07-NOV-20 12.00.00.000000000 AM','DD-MON-RR HH.MI.SSXFF AM'),
'111111111','111131333',3,to_timestamp('05-NOV-20 07.27.17.651000000 PM','DD-MON-RR HH.MI.SSXFF AM'));

INSERT INTO LECTURE (LECNO,LECNAME,LECPRICE,SPKRNO,ROOMNO,LECSTART,LECEND,SIGNSTART,SIGNEND,INITSEAT,CURRSEAT,LECSTATUS,LECLMOD) 
VALUES ('LEC0010','孤獨的美食達人',360,'SPKR0010','ROOM0002',to_timestamp('21-NOV-20 06.00.00.000000000 PM','DD-MON-RR HH.MI.SSXFF AM'),
to_timestamp('21-NOV-20 08.00.00.000000000 PM','DD-MON-RR HH.MI.SSXFF AM'),to_timestamp('21-OCT-20 12.00.00.000000000 AM','DD-MON-RR HH.MI.SSXFF AM'),to_timestamp('21-NOV-20 12.00.00.000000000 AM','DD-MON-RR HH.MI.SSXFF AM'),
'011101110011101110','011101110011101110',0,to_timestamp('20-OCT-20 05.24.40.623000000 PM','DD-MON-RR HH.MI.SSXFF AM'));

INSERT INTO LECTURE (LECNO,LECNAME,LECPRICE,SPKRNO,ROOMNO,LECSTART,LECEND,SIGNSTART,SIGNEND,INITSEAT,CURRSEAT,LECSTATUS,LECLMOD) 
VALUES ('LEC0011','有效提升效率的7個方法',150,'SPKR0011','ROOM0001',to_timestamp('02-DEC-20 05.00.00.000000000 PM','DD-MON-RR HH.MI.SSXFF AM'),
to_timestamp('02-DEC-20 08.00.00.000000000 PM','DD-MON-RR HH.MI.SSXFF AM'),to_timestamp('02-NOV-20 12.00.00.000000000 AM','DD-MON-RR HH.MI.SSXFF AM'),to_timestamp('01-DEC-20 12.00.00.000000000 AM','DD-MON-RR HH.MI.SSXFF AM'),
'111111111','222222222',2,to_timestamp('05-NOV-20 07.32.11.317000000 PM','DD-MON-RR HH.MI.SSXFF AM'));

INSERT INTO LECTURE (LECNO,LECNAME,LECPRICE,SPKRNO,ROOMNO,LECSTART,LECEND,SIGNSTART,SIGNEND,INITSEAT,CURRSEAT,LECSTATUS,LECLMOD) 
VALUES ('LEC0012','姊喝的不是酒，是品味',420,'SPKR0012','ROOM0004',to_timestamp('07-DEC-20 10.00.00.000000000 PM','DD-MON-RR HH.MI.SSXFF AM'),
to_timestamp('07-DEC-20 11.00.00.000000000 PM','DD-MON-RR HH.MI.SSXFF AM'),to_timestamp('07-NOV-20 12.00.00.000000000 AM','DD-MON-RR HH.MI.SSXFF AM'),to_timestamp('06-NOV-20 12.00.00.000000000 AM','DD-MON-RR HH.MI.SSXFF AM'),
'100110011111','200210012112',1,to_timestamp('05-NOV-20 07.20.14.136000000 PM','DD-MON-RR HH.MI.SSXFF AM'));

INSERT INTO LECTURE (LECNO,LECNAME,LECPRICE,SPKRNO,ROOMNO,LECSTART,LECEND,SIGNSTART,SIGNEND,INITSEAT,CURRSEAT,LECSTATUS,LECLMOD) 
VALUES ('LEC0013','如何賺到買房的第一桶金',299,'SPKR0013','ROOM0006',to_timestamp('17-DEC-20 09.00.00.000000000 AM','DD-MON-RR HH.MI.SSXFF AM'),
to_timestamp('17-DEC-20 12.00.00.000000000 PM','DD-MON-RR HH.MI.SSXFF AM'),to_timestamp('17-NOV-20 12.00.00.000000000 AM','DD-MON-RR HH.MI.SSXFF AM'),to_timestamp('16-DEC-20 12.00.00.000000000 AM','DD-MON-RR HH.MI.SSXFF AM'),
'1111110101111111010111111','1222210101111111010111111',1,to_timestamp('05-NOV-20 07.20.49.076000000 PM','DD-MON-RR HH.MI.SSXFF AM'));
-- ==================== #10 講座訂單 LEC_ORDER ====================
INSERT INTO LEC_ORDER (LODRNO,MEMNO,LECNO,LECAMT,LODRSEAT,LODRSTATUS,LODRTIME,LODRLMOD) 
VALUES ('LODR0009','MEM0003','LEC0001',1600,'133133111','已結單',
to_timestamp('05-NOV-20 07.08.29.401000000 PM','DD-MON-RR HH.MI.SSXFF AM'),to_timestamp('05-NOV-20 07.10.24.608000000 PM','DD-MON-RR HH.MI.SSXFF AM'));

INSERT INTO LEC_ORDER (LODRNO,MEMNO,LECNO,LECAMT,LODRSEAT,LODRSTATUS,LODRTIME,LODRLMOD) 
VALUES ('LODR0010','MEM0003','LEC0003',1200,'103103103101101101','已結單',
to_timestamp('05-NOV-20 07.17.58.790000000 PM','DD-MON-RR HH.MI.SSXFF AM'),to_timestamp('05-NOV-20 07.18.46.181000000 PM','DD-MON-RR HH.MI.SSXFF AM'));

INSERT INTO LEC_ORDER (LODRNO,MEMNO,LECNO,LECAMT,LODRSEAT,LODRSTATUS,LODRTIME,LODRLMOD) 
VALUES ('LODR0011','MEM0005','LEC0011',300,'122111111','已付款',
to_timestamp('05-NOV-20 07.19.42.934000000 PM','DD-MON-RR HH.MI.SSXFF AM'),to_timestamp('05-NOV-20 07.19.42.934000000 PM','DD-MON-RR HH.MI.SSXFF AM'));

INSERT INTO LEC_ORDER (LODRNO,MEMNO,LECNO,LECAMT,LODRSEAT,LODRSTATUS,LODRTIME,LODRLMOD) 
VALUES ('LODR0012','MEM0005','LEC0012',1680,'200210012112','已付款',
to_timestamp('05-NOV-20 07.20.14.135000000 PM','DD-MON-RR HH.MI.SSXFF AM'),to_timestamp('05-NOV-20 07.20.14.135000000 PM','DD-MON-RR HH.MI.SSXFF AM'));

INSERT INTO LEC_ORDER (LODRNO,MEMNO,LECNO,LECAMT,LODRSEAT,LODRSTATUS,LODRTIME,LODRLMOD) 
VALUES ('LODR0013','MEM0002','LEC0013',1196,'1222210101111111010111111','已付款',
to_timestamp('05-NOV-20 07.20.49.076000000 PM','DD-MON-RR HH.MI.SSXFF AM'),to_timestamp('05-NOV-20 07.20.49.076000000 PM','DD-MON-RR HH.MI.SSXFF AM'));

INSERT INTO LEC_ORDER (LODRNO,MEMNO,LECNO,LECAMT,LODRSEAT,LODRSTATUS,LODRTIME,LODRLMOD) 
VALUES ('LODR0014','MEM0002','LEC0006',1800,'122102111','已付款',
to_timestamp('05-NOV-20 07.21.22.934000000 PM','DD-MON-RR HH.MI.SSXFF AM'),to_timestamp('05-NOV-20 07.21.22.934000000 PM','DD-MON-RR HH.MI.SSXFF AM'));

INSERT INTO LEC_ORDER (LODRNO,MEMNO,LECNO,LECAMT,LODRSEAT,LODRSTATUS,LODRTIME,LODRLMOD) 
VALUES ('LODR0015','MEM0002','LEC0009',400,'111131111','已結單',
to_timestamp('05-NOV-20 07.21.43.525000000 PM','DD-MON-RR HH.MI.SSXFF AM'),to_timestamp('05-NOV-20 07.22.06.987000000 PM','DD-MON-RR HH.MI.SSXFF AM'));

INSERT INTO LEC_ORDER (LODRNO,MEMNO,LECNO,LECAMT,LODRSEAT,LODRSTATUS,LODRTIME,LODRLMOD) 
VALUES ('LODR0016','MEM0004','LEC0011',600,'111122221','已付款',
to_timestamp('05-NOV-20 07.26.31.005000000 PM','DD-MON-RR HH.MI.SSXFF AM'),to_timestamp('05-NOV-20 07.26.31.005000000 PM','DD-MON-RR HH.MI.SSXFF AM'));

INSERT INTO LEC_ORDER (LODRNO,MEMNO,LECNO,LECAMT,LODRSEAT,LODRSTATUS,LODRTIME,LODRLMOD) 
VALUES ('LODR0017','MEM0004','LEC0009',1200,'111111333','已結單',
to_timestamp('05-NOV-20 07.26.47.870000000 PM','DD-MON-RR HH.MI.SSXFF AM'),to_timestamp('05-NOV-20 07.27.17.648000000 PM','DD-MON-RR HH.MI.SSXFF AM'));

INSERT INTO LEC_ORDER (LODRNO,MEMNO,LECNO,LECAMT,LODRSEAT,LODRSTATUS,LODRTIME,LODRLMOD) 
VALUES ('LODR0018','MEM0006','LEC0011',450,'211211112','已付款',
to_timestamp('05-NOV-20 07.32.11.316000000 PM','DD-MON-RR HH.MI.SSXFF AM'),to_timestamp('05-NOV-20 07.32.11.316000000 PM','DD-MON-RR HH.MI.SSXFF AM'));

INSERT INTO LEC_ORDER (LODRNO,MEMNO,LECNO,LECAMT,LODRSEAT,LODRSTATUS,LODRTIME,LODRLMOD) 
VALUES ('LODR0019','MEM0006','LEC0007',1800,'303010101','已結單',
to_timestamp('05-NOV-20 07.40.59.325000000 PM','DD-MON-RR HH.MI.SSXFF AM'),to_timestamp('05-NOV-20 07.43.58.729000000 PM','DD-MON-RR HH.MI.SSXFF AM'));
------ ==================== #11 講座定位明細 LEC_SEAT ====================
INSERT INTO LEC_SEAT (LODRNO,SEATNO,SEATSTATUS) VALUES ('LODR0009','A2','已報到');
INSERT INTO LEC_SEAT (LODRNO,SEATNO,SEATSTATUS) VALUES ('LODR0009','A3','已報到');
INSERT INTO LEC_SEAT (LODRNO,SEATNO,SEATSTATUS) VALUES ('LODR0009','B2','已報到');
INSERT INTO LEC_SEAT (LODRNO,SEATNO,SEATSTATUS) VALUES ('LODR0009','B3','已報到');
INSERT INTO LEC_SEAT (LODRNO,SEATNO,SEATSTATUS) VALUES ('LODR0010','A3','已報到');
INSERT INTO LEC_SEAT (LODRNO,SEATNO,SEATSTATUS) VALUES ('LODR0010','B3','已報到');
INSERT INTO LEC_SEAT (LODRNO,SEATNO,SEATSTATUS) VALUES ('LODR0010','C3','已報到');
INSERT INTO LEC_SEAT (LODRNO,SEATNO,SEATSTATUS) VALUES ('LODR0011','A2','正常');
INSERT INTO LEC_SEAT (LODRNO,SEATNO,SEATSTATUS) VALUES ('LODR0011','A3','正常');
INSERT INTO LEC_SEAT (LODRNO,SEATNO,SEATSTATUS) VALUES ('LODR0012','A1','正常');
INSERT INTO LEC_SEAT (LODRNO,SEATNO,SEATSTATUS) VALUES ('LODR0012','A4','正常');
INSERT INTO LEC_SEAT (LODRNO,SEATNO,SEATSTATUS) VALUES ('LODR0012','C1','正常');
INSERT INTO LEC_SEAT (LODRNO,SEATNO,SEATSTATUS) VALUES ('LODR0012','C4','正常');
INSERT INTO LEC_SEAT (LODRNO,SEATNO,SEATSTATUS) VALUES ('LODR0013','A2','正常');
INSERT INTO LEC_SEAT (LODRNO,SEATNO,SEATSTATUS) VALUES ('LODR0013','A3','正常');
INSERT INTO LEC_SEAT (LODRNO,SEATNO,SEATSTATUS) VALUES ('LODR0013','A4','正常');
INSERT INTO LEC_SEAT (LODRNO,SEATNO,SEATSTATUS) VALUES ('LODR0013','A5','正常');
INSERT INTO LEC_SEAT (LODRNO,SEATNO,SEATSTATUS) VALUES ('LODR0014','A2','正常');
INSERT INTO LEC_SEAT (LODRNO,SEATNO,SEATSTATUS) VALUES ('LODR0014','A3','正常');
INSERT INTO LEC_SEAT (LODRNO,SEATNO,SEATSTATUS) VALUES ('LODR0014','B3','正常');
INSERT INTO LEC_SEAT (LODRNO,SEATNO,SEATSTATUS) VALUES ('LODR0015','B2','已報到');
INSERT INTO LEC_SEAT (LODRNO,SEATNO,SEATSTATUS) VALUES ('LODR0016','B2','正常');
INSERT INTO LEC_SEAT (LODRNO,SEATNO,SEATSTATUS) VALUES ('LODR0016','B3','正常');
INSERT INTO LEC_SEAT (LODRNO,SEATNO,SEATSTATUS) VALUES ('LODR0016','C1','正常');
INSERT INTO LEC_SEAT (LODRNO,SEATNO,SEATSTATUS) VALUES ('LODR0016','C2','正常');
INSERT INTO LEC_SEAT (LODRNO,SEATNO,SEATSTATUS) VALUES ('LODR0017','C1','已報到');
INSERT INTO LEC_SEAT (LODRNO,SEATNO,SEATSTATUS) VALUES ('LODR0017','C2','已報到');
INSERT INTO LEC_SEAT (LODRNO,SEATNO,SEATSTATUS) VALUES ('LODR0017','C3','已報到');
INSERT INTO LEC_SEAT (LODRNO,SEATNO,SEATSTATUS) VALUES ('LODR0018','A1','正常');
INSERT INTO LEC_SEAT (LODRNO,SEATNO,SEATSTATUS) VALUES ('LODR0018','B1','正常');
INSERT INTO LEC_SEAT (LODRNO,SEATNO,SEATSTATUS) VALUES ('LODR0018','C3','正常');
INSERT INTO LEC_SEAT (LODRNO,SEATNO,SEATSTATUS) VALUES ('LODR0019','A1','已報到');
INSERT INTO LEC_SEAT (LODRNO,SEATNO,SEATSTATUS) VALUES ('LODR0019','A3','已報到');
-- ==================== #12 課程種類 COURSE_TYPE ====================
INSERT INTO COURSE_TYPE VALUES ('TYPE' || LPAD(SEQ_CSTYPE.NEXTVAL, 4, 0),'程式設計');
INSERT INTO COURSE_TYPE VALUES ('TYPE' || LPAD(SEQ_CSTYPE.NEXTVAL, 4, 0),'投資理財');
INSERT INTO COURSE_TYPE VALUES ('TYPE' || LPAD(SEQ_CSTYPE.NEXTVAL, 4, 0),'生活品味');
INSERT INTO COURSE_TYPE VALUES ('TYPE' || LPAD(SEQ_CSTYPE.NEXTVAL, 4, 0),'職場技能');
INSERT INTO COURSE_TYPE VALUES ('TYPE' || LPAD(SEQ_CSTYPE.NEXTVAL, 4, 0),'設計');
INSERT INTO COURSE_TYPE VALUES ('TYPE' || LPAD(SEQ_CSTYPE.NEXTVAL, 4, 0),'攝影剪輯');
INSERT INTO COURSE_TYPE VALUES ('TYPE' || LPAD(SEQ_CSTYPE.NEXTVAL, 4, 0),'語言');
-- ==================== #13 課程 COURSE ====================
INSERT INTO COURSE VALUES ('COUR' || LPAD(SEQ_CS.NEXTVAL, 4, 0),'TYPE0001','TCHR0001','小吳老師的Java課'
    ,'<h2>Java初步介紹</h2><p><br></p><p>Java[0]是一種泛用型 (general-purpose)程式語言，完全支援物件導向設計 (Object-Oriented Programming, OOP)，讓程式設計師撰寫具備可重新使用 (reusable)的程式結構，利於開發複雜度較高的系統軟體；Java具備優秀的記憶體管理機制與豐富的開發套件/框架，例如主流的後端框架Spring與安卓應用軟體 (Android app)，可大幅增進程式開發效率；Java同時支援多執行緒來處理如多媒體等計算強度高的應用程式。根據2019年TIOBE的統計，Java為程式語言排名中使用人數最多的前三名；Java亦大量被使用在金融業的伺服器端，自2015年末開始吹起一股金融科技化 (Financial Technology, FinTech)，最受歡迎的程式語言是Java。</p><br><h2>課程目標</h2><p><br></p><p>本課程深入淺出介紹Java的語法與重要的程式設計概念，期許學員可以獨立完成Java程式撰寫；也企圖為學員建立CS的大圖像 (big picture)，期望透過本課程傳授的基礎知識作為基石，培養學員在資訊領域內的自我學習能力。此外，本課程涵蓋十二年國民基本教育課程綱要科技領域的程式設計與演算法、大學程式設計先修檢測的考試範圍，歡迎國高中生一同參與，希望讓你第一次學習程式就能夠站穩灘頭堡！</p>'
    ,8000,848,'上架',123,30, NULL ,CURRENT_TIMESTAMP);
--INSERT INTO COURSE VALUES ('COUR' || LPAD(SEQ_CS.NEXTVAL, 4, 0),'TYPE0001','TCHR0001','Java基礎程式設計(上)'
--    ,'<h2>Java初步介紹</h2><p><br></p><p>Java[0]是一種泛用型 (general-purpose)程式語言，完全支援物件導向設計 (Object-Oriented Programming, OOP)，讓程式設計師撰寫具備可重新使用 (reusable)的程式結構，利於開發複雜度較高的系統軟體；Java具備優秀的記憶體管理機制與豐富的開發套件/框架，例如主流的後端框架Spring與安卓應用軟體 (Android app)，可大幅增進程式開發效率；Java同時支援多執行緒來處理如多媒體等計算強度高的應用程式。根據2019年TIOBE的統計，Java為程式語言排名中使用人數最多的前三名；Java亦大量被使用在金融業的伺服器端，自2015年末開始吹起一股金融科技化 (Financial Technology, FinTech)，最受歡迎的程式語言是Java。</p><br><h2>課程目標</h2><p><br></p><p>本課程深入淺出介紹Java的語法與重要的程式設計概念，期許學員可以獨立完成Java程式撰寫；也企圖為學員建立CS的大圖像 (big picture)，期望透過本課程傳授的基礎知識作為基石，培養學員在資訊領域內的自我學習能力。此外，本課程涵蓋十二年國民基本教育課程綱要科技領域的程式設計與演算法、大學程式設計先修檢測的考試範圍，歡迎國高中生一同參與，希望讓你第一次學習程式就能夠站穩灘頭堡！</p>'
--    ,4000,2604,'上架',465,99, NULL ,CURRENT_TIMESTAMP);
-- INSERT INTO COURSE VALUES ('COUR' || LPAD(SEQ_CS.NEXTVAL, 4, 0),'TYPE0001','TCHR0001','Java基礎程式設計(下)'
--    ,'<h2>Java初步介紹</h2><p><br></p><p>Java[0]是一種泛用型 (general-purpose)程式語言，完全支援物件導向設計 (Object-Oriented Programming, OOP)，讓程式設計師撰寫具備可重新使用 (reusable)的程式結構，利於開發複雜度較高的系統軟體；Java具備優秀的記憶體管理機制與豐富的開發套件/框架，例如主流的後端框架Spring與安卓應用軟體 (Android app)，可大幅增進程式開發效率；Java同時支援多執行緒來處理如多媒體等計算強度高的應用程式。根據2019年TIOBE的統計，Java為程式語言排名中使用人數最多的前三名；Java亦大量被使用在金融業的伺服器端，自2015年末開始吹起一股金融科技化 (Financial Technology, FinTech)，最受歡迎的程式語言是Java。</p><br><h2>課程目標</h2><p><br></p><p>本課程深入淺出介紹Java的語法與重要的程式設計概念，期許學員可以獨立完成Java程式撰寫；也企圖為學員建立CS的大圖像 (big picture)，期望透過本課程傳授的基礎知識作為基石，培養學員在資訊領域內的自我學習能力。此外，本課程涵蓋十二年國民基本教育課程綱要科技領域的程式設計與演算法、大學程式設計先修檢測的考試範圍，歡迎國高中生一同參與，希望讓你第一次學習程式就能夠站穩灘頭堡！</p>'
--    ,4000,2234,'上架',283,69, NULL ,CURRENT_TIMESTAMP);
--INSERT INTO COURSE VALUES ('COUR' || LPAD(SEQ_CS.NEXTVAL, 4, 0),'TYPE0001','TCHR0002','HTML前端網頁設計-基礎'
--    ,'<h2><strong>甚麼是HTML5</strong></h2><p>HTML5廣義是包含HTML、CSS和JavaScript在內的一套技術組合，HTML5擺脫影音外掛程式的束縛，讓網頁設計更加豐富，同時支援使用多媒體Audio、Video的標籤，你不需要安裝外掛程式，一樣可以在網頁上瀏覽豐富的影音內容，HTML5將Web帶入了多媒體的世界，一個更成熟且完整的應用平台。</p><br><h2><strong>他們也都使用HTML5</strong></h2><p>知名網站如Google、Facebook、Youtube、Wikipedia、Twitter、淘寶、百度、Apple、台灣Yahoo皆使用HTML5建置網站。2015年，YouTube以HTML5取代Flash為預設值，而Google Adwords也宣稱他們自動將Flash廣告格式轉換成HTML5，更宣布將於2017年1月停止播放Flash格式的廣告，全面啟用HTML5。除此之外，目前的主流瀏覽器(chrome、firefox、IE、Safari、Edge、Opera)都支援HTML5，HTML5成為網站開發必備技術之一。</p><br><h2><strong>HTML5語法標籤讓結構變簡單</strong></h2><p>利用HTML5的標籤可以很輕易的辨認網頁架構，而不是滿滿的 div 標籤，這些容易閱讀的標籤及結構讓電腦更容易理解網頁內容，可以提高搜尋引擎排名，這也是越來越多企業網站使用HTML5最大的原因之一！</p>'
--    ,2600,3226,'上架',82,20, NULL ,CURRENT_TIMESTAMP);
--INSERT INTO COURSE VALUES ('COUR' || LPAD(SEQ_CS.NEXTVAL, 4, 0),'TYPE0001','TCHR0002','HTML前端網頁設計-中等'
--    ,'<h2><strong>甚麼是HTML5</strong></h2><p>HTML5廣義是包含HTML、CSS和JavaScript在內的一套技術組合，HTML5擺脫影音外掛程式的束縛，讓網頁設計更加豐富，同時支援使用多媒體Audio、Video的標籤，你不需要安裝外掛程式，一樣可以在網頁上瀏覽豐富的影音內容，HTML5將Web帶入了多媒體的世界，一個更成熟且完整的應用平台。</p><br><h2><strong>他們也都使用HTML5</strong></h2><p>知名網站如Google、Facebook、Youtube、Wikipedia、Twitter、淘寶、百度、Apple、台灣Yahoo皆使用HTML5建置網站。2015年，YouTube以HTML5取代Flash為預設值，而Google Adwords也宣稱他們自動將Flash廣告格式轉換成HTML5，更宣布將於2017年1月停止播放Flash格式的廣告，全面啟用HTML5。除此之外，目前的主流瀏覽器(chrome、firefox、IE、Safari、Edge、Opera)都支援HTML5，HTML5成為網站開發必備技術之一。</p><br><h2><strong>HTML5語法標籤讓結構變簡單</strong></h2><p>利用HTML5的標籤可以很輕易的辨認網頁架構，而不是滿滿的 div 標籤，這些容易閱讀的標籤及結構讓電腦更容易理解網頁內容，可以提高搜尋引擎排名，這也是越來越多企業網站使用HTML5最大的原因之一！</p>'
--    ,2600,2007,'上架',82,20, NULL ,CURRENT_TIMESTAMP);

-- --------- 以下假資料沒有單元影片 ----------
INSERT INTO COURSE VALUES ('COUR' || LPAD(SEQ_CS.NEXTVAL, 4, 0),'TYPE0007','TCHR0005','快速從零學好新語言','',870,1325,'上架',492,122, NULL ,CURRENT_TIMESTAMP);
INSERT INTO COURSE VALUES ('COUR' || LPAD(SEQ_CS.NEXTVAL, 4, 0),'TYPE0007','TCHR0002','日檢聽力特訓班','',2990,3535,'上架',487,177, NULL ,CURRENT_TIMESTAMP);
INSERT INTO COURSE VALUES ('COUR' || LPAD(SEQ_CS.NEXTVAL, 4, 0),'TYPE0007','TCHR0004','英文口語表達關鍵文法','',1080,1380,'上架',804,211, NULL ,CURRENT_TIMESTAMP);
INSERT INTO COURSE VALUES ('COUR' || LPAD(SEQ_CS.NEXTVAL, 4, 0),'TYPE0002','TCHR0003','會計師低價選股術','',2500,5672,'上架',666,192, NULL ,CURRENT_TIMESTAMP);
INSERT INTO COURSE VALUES ('COUR' || LPAD(SEQ_CS.NEXTVAL, 4, 0),'TYPE0002','TCHR0005','給理財麻瓜的入學通知書','',1680,1583,'上架',309,86, NULL ,CURRENT_TIMESTAMP);
INSERT INTO COURSE VALUES ('COUR' || LPAD(SEQ_CS.NEXTVAL, 4, 0),'TYPE0003','TCHR0004','手作控必學的五種卡片','',1600,2203,'上架',124,32, NULL ,CURRENT_TIMESTAMP);
INSERT INTO COURSE VALUES ('COUR' || LPAD(SEQ_CS.NEXTVAL, 4, 0),'TYPE0003','TCHR0004','創意甜點研製所','',2700,1055,'上架',475,116, NULL ,CURRENT_TIMESTAMP);
INSERT INTO COURSE VALUES ('COUR' || LPAD(SEQ_CS.NEXTVAL, 4, 0),'TYPE0003','TCHR0006','花藝美學堂-初學者必學','',2580,3541,'上架',472,176, NULL ,CURRENT_TIMESTAMP);
INSERT INTO COURSE VALUES ('COUR' || LPAD(SEQ_CS.NEXTVAL, 4, 0),'TYPE0004','TCHR0007','視覺圖像工作術','',1480,2222,'上架',411,159, NULL ,CURRENT_TIMESTAMP);
INSERT INTO COURSE VALUES ('COUR' || LPAD(SEQ_CS.NEXTVAL, 4, 0),'TYPE0004','TCHR0005','職場黑馬的必勝簡報術','',2800,1450,'上架',353,94, NULL ,CURRENT_TIMESTAMP);
INSERT INTO COURSE VALUES ('COUR' || LPAD(SEQ_CS.NEXTVAL, 4, 0),'TYPE0004','TCHR0003','Excel商業分析','',1800,2503,'上架',421,117, NULL ,CURRENT_TIMESTAMP);
INSERT INTO COURSE VALUES ('COUR' || LPAD(SEQ_CS.NEXTVAL, 4, 0),'TYPE0005','TCHR0006','PhotoShop灰階上色SOP','',1500,3200,'上架',311,88, NULL ,CURRENT_TIMESTAMP);
INSERT INTO COURSE VALUES ('COUR' || LPAD(SEQ_CS.NEXTVAL, 4, 0),'TYPE0006','TCHR0003','旅遊攝影全攻略','',3000,3321,'上架',387,99, NULL ,CURRENT_TIMESTAMP);
INSERT INTO COURSE VALUES ('COUR' || LPAD(SEQ_CS.NEXTVAL, 4, 0),'TYPE0006','TCHR0007','攝影x光影實驗室','',2150,3500,'上架',388,100, NULL ,CURRENT_TIMESTAMP);
INSERT INTO COURSE VALUES ('COUR' || LPAD(SEQ_CS.NEXTVAL, 4, 0),'TYPE0006','TCHR0006','食物風格攝影 尋找自然光','',2160,2306,'上架',213,60, NULL ,CURRENT_TIMESTAMP);
UPDATE COURSE SET COURLMOD = CURRENT_TIMESTAMP WHERE COURSENO = 'COUR0001';

-- ==================== #14 課程影片 VIDEO ====================
-- --------- course 1 ----------
INSERT INTO VIDEO VALUES ('VID' || LPAD(SEQ_VIDEO.NEXTVAL, 4, 0),'COUR0001', 1, 1, '模組1-Java技術簡介', 343, EMPTY_BLOB());
INSERT INTO VIDEO VALUES ('VID' || LPAD(SEQ_VIDEO.NEXTVAL, 4, 0),'COUR0001', 1, 2, '模組2-Java環境介紹', 48, EMPTY_BLOB());
INSERT INTO VIDEO VALUES ('VID' || LPAD(SEQ_VIDEO.NEXTVAL, 4, 0),'COUR0001', 1, 3, '模組3-JAVA開發環境建立', 84, EMPTY_BLOB());
INSERT INTO VIDEO VALUES ('VID' || LPAD(SEQ_VIDEO.NEXTVAL, 4, 0),'COUR0001', 1, 4, '模組4-JAVA基本資料型別', 76, EMPTY_BLOB());
INSERT INTO VIDEO VALUES ('VID' || LPAD(SEQ_VIDEO.NEXTVAL, 4, 0),'COUR0001', 1, 5, '模組5-JAVA變數與常數', 68, EMPTY_BLOB());
INSERT INTO VIDEO VALUES ('VID' || LPAD(SEQ_VIDEO.NEXTVAL, 4, 0),'COUR0001', 1, 6, '模組6-JAVA運算子功能', 92, EMPTY_BLOB());
INSERT INTO VIDEO VALUES ('VID' || LPAD(SEQ_VIDEO.NEXTVAL, 4, 0),'COUR0001', 1, 7, '模組7-流程控制-選擇結構', 56, EMPTY_BLOB());
INSERT INTO VIDEO VALUES ('VID' || LPAD(SEQ_VIDEO.NEXTVAL, 4, 0),'COUR0001', 1, 8, '模組8-流程控制-重複結構', 36, EMPTY_BLOB());
INSERT INTO VIDEO VALUES ('VID' || LPAD(SEQ_VIDEO.NEXTVAL, 4, 0),'COUR0001', 1, 9, '模組9-方法設計與應用', 45, EMPTY_BLOB());

-- 以下假課程單元 --
-- --------- COUR0002 ----------
INSERT INTO VIDEO VALUES ('VID' || LPAD(SEQ_VIDEO.NEXTVAL, 4, 0),'COUR0002', 1, 1, '基礎觀念建立', 262, EMPTY_BLOB());
INSERT INTO VIDEO VALUES ('VID' || LPAD(SEQ_VIDEO.NEXTVAL, 4, 0),'COUR0002', 1, 2, '認識很棒的相關資源', 185, EMPTY_BLOB());
INSERT INTO VIDEO VALUES ('VID' || LPAD(SEQ_VIDEO.NEXTVAL, 4, 0),'COUR0002', 1, 3, '第一次動手練習', 352, EMPTY_BLOB());
INSERT INTO VIDEO VALUES ('VID' || LPAD(SEQ_VIDEO.NEXTVAL, 4, 0),'COUR0002', 1, 4, '進階觀念學習', 274, EMPTY_BLOB());
INSERT INTO VIDEO VALUES ('VID' || LPAD(SEQ_VIDEO.NEXTVAL, 4, 0),'COUR0002', 1, 5, '融會貫通的時候', 375, EMPTY_BLOB());
INSERT INTO VIDEO VALUES ('VID' || LPAD(SEQ_VIDEO.NEXTVAL, 4, 0),'COUR0002', 1, 6, '動手做做看', 170, EMPTY_BLOB());
-- --------- COUR0003 ----------
INSERT INTO VIDEO VALUES ('VID' || LPAD(SEQ_VIDEO.NEXTVAL, 4, 0),'COUR0003', 1, 1, '基礎觀念建立', 262, EMPTY_BLOB());
INSERT INTO VIDEO VALUES ('VID' || LPAD(SEQ_VIDEO.NEXTVAL, 4, 0),'COUR0003', 1, 2, '認識很棒的相關資源', 185, EMPTY_BLOB());
INSERT INTO VIDEO VALUES ('VID' || LPAD(SEQ_VIDEO.NEXTVAL, 4, 0),'COUR0003', 1, 3, '第一次動手練習', 352, EMPTY_BLOB());
INSERT INTO VIDEO VALUES ('VID' || LPAD(SEQ_VIDEO.NEXTVAL, 4, 0),'COUR0003', 1, 4, '進階觀念學習', 274, EMPTY_BLOB());
INSERT INTO VIDEO VALUES ('VID' || LPAD(SEQ_VIDEO.NEXTVAL, 4, 0),'COUR0003', 1, 5, '融會貫通的時候', 375, EMPTY_BLOB());
INSERT INTO VIDEO VALUES ('VID' || LPAD(SEQ_VIDEO.NEXTVAL, 4, 0),'COUR0003', 1, 6, '動手做做看', 170, EMPTY_BLOB());
-- --------- COUR0004 ----------
INSERT INTO VIDEO VALUES ('VID' || LPAD(SEQ_VIDEO.NEXTVAL, 4, 0),'COUR0004', 1, 1, '基礎觀念建立', 262, EMPTY_BLOB());
INSERT INTO VIDEO VALUES ('VID' || LPAD(SEQ_VIDEO.NEXTVAL, 4, 0),'COUR0004', 1, 2, '認識很棒的相關資源', 185, EMPTY_BLOB());
INSERT INTO VIDEO VALUES ('VID' || LPAD(SEQ_VIDEO.NEXTVAL, 4, 0),'COUR0004', 1, 3, '第一次動手練習', 352, EMPTY_BLOB());
INSERT INTO VIDEO VALUES ('VID' || LPAD(SEQ_VIDEO.NEXTVAL, 4, 0),'COUR0004', 1, 4, '進階觀念學習', 274, EMPTY_BLOB());
INSERT INTO VIDEO VALUES ('VID' || LPAD(SEQ_VIDEO.NEXTVAL, 4, 0),'COUR0004', 1, 5, '融會貫通的時候', 375, EMPTY_BLOB());
INSERT INTO VIDEO VALUES ('VID' || LPAD(SEQ_VIDEO.NEXTVAL, 4, 0),'COUR0004', 1, 6, '動手做做看', 170, EMPTY_BLOB());
-- --------- COUR0005 ----------
INSERT INTO VIDEO VALUES ('VID' || LPAD(SEQ_VIDEO.NEXTVAL, 4, 0),'COUR0005', 1, 1, '基礎觀念建立', 262, EMPTY_BLOB());
INSERT INTO VIDEO VALUES ('VID' || LPAD(SEQ_VIDEO.NEXTVAL, 4, 0),'COUR0005', 1, 2, '認識很棒的相關資源', 185, EMPTY_BLOB());
INSERT INTO VIDEO VALUES ('VID' || LPAD(SEQ_VIDEO.NEXTVAL, 4, 0),'COUR0005', 1, 3, '第一次動手練習', 352, EMPTY_BLOB());
INSERT INTO VIDEO VALUES ('VID' || LPAD(SEQ_VIDEO.NEXTVAL, 4, 0),'COUR0005', 1, 4, '進階觀念學習', 274, EMPTY_BLOB());
INSERT INTO VIDEO VALUES ('VID' || LPAD(SEQ_VIDEO.NEXTVAL, 4, 0),'COUR0005', 1, 5, '融會貫通的時候', 375, EMPTY_BLOB());
INSERT INTO VIDEO VALUES ('VID' || LPAD(SEQ_VIDEO.NEXTVAL, 4, 0),'COUR0005', 1, 6, '動手做做看', 170, EMPTY_BLOB());
-- --------- COUR0006 ----------
INSERT INTO VIDEO VALUES ('VID' || LPAD(SEQ_VIDEO.NEXTVAL, 4, 0),'COUR0006', 1, 1, '基礎觀念建立', 262, EMPTY_BLOB());
INSERT INTO VIDEO VALUES ('VID' || LPAD(SEQ_VIDEO.NEXTVAL, 4, 0),'COUR0006', 1, 2, '認識很棒的相關資源', 185, EMPTY_BLOB());
INSERT INTO VIDEO VALUES ('VID' || LPAD(SEQ_VIDEO.NEXTVAL, 4, 0),'COUR0006', 1, 3, '第一次動手練習', 352, EMPTY_BLOB());
INSERT INTO VIDEO VALUES ('VID' || LPAD(SEQ_VIDEO.NEXTVAL, 4, 0),'COUR0006', 1, 4, '進階觀念學習', 274, EMPTY_BLOB());
INSERT INTO VIDEO VALUES ('VID' || LPAD(SEQ_VIDEO.NEXTVAL, 4, 0),'COUR0006', 1, 5, '融會貫通的時候', 375, EMPTY_BLOB());
INSERT INTO VIDEO VALUES ('VID' || LPAD(SEQ_VIDEO.NEXTVAL, 4, 0),'COUR0006', 1, 6, '動手做做看', 170, EMPTY_BLOB());
-- --------- COUR0007 ----------
INSERT INTO VIDEO VALUES ('VID' || LPAD(SEQ_VIDEO.NEXTVAL, 4, 0),'COUR0007', 1, 1, '基礎觀念建立', 262, EMPTY_BLOB());
INSERT INTO VIDEO VALUES ('VID' || LPAD(SEQ_VIDEO.NEXTVAL, 4, 0),'COUR0007', 1, 2, '認識很棒的相關資源', 185, EMPTY_BLOB());
INSERT INTO VIDEO VALUES ('VID' || LPAD(SEQ_VIDEO.NEXTVAL, 4, 0),'COUR0007', 1, 3, '第一次動手練習', 352, EMPTY_BLOB());
INSERT INTO VIDEO VALUES ('VID' || LPAD(SEQ_VIDEO.NEXTVAL, 4, 0),'COUR0007', 1, 4, '進階觀念學習', 274, EMPTY_BLOB());
INSERT INTO VIDEO VALUES ('VID' || LPAD(SEQ_VIDEO.NEXTVAL, 4, 0),'COUR0007', 1, 5, '融會貫通的時候', 375, EMPTY_BLOB());
INSERT INTO VIDEO VALUES ('VID' || LPAD(SEQ_VIDEO.NEXTVAL, 4, 0),'COUR0007', 1, 6, '動手做做看', 170, EMPTY_BLOB());
-- --------- COUR0008 ----------
INSERT INTO VIDEO VALUES ('VID' || LPAD(SEQ_VIDEO.NEXTVAL, 4, 0),'COUR0008', 1, 1, '基礎觀念建立', 262, EMPTY_BLOB());
INSERT INTO VIDEO VALUES ('VID' || LPAD(SEQ_VIDEO.NEXTVAL, 4, 0),'COUR0008', 1, 2, '認識很棒的相關資源', 185, EMPTY_BLOB());
INSERT INTO VIDEO VALUES ('VID' || LPAD(SEQ_VIDEO.NEXTVAL, 4, 0),'COUR0008', 1, 3, '第一次動手練習', 352, EMPTY_BLOB());
INSERT INTO VIDEO VALUES ('VID' || LPAD(SEQ_VIDEO.NEXTVAL, 4, 0),'COUR0008', 1, 4, '進階觀念學習', 274, EMPTY_BLOB());
INSERT INTO VIDEO VALUES ('VID' || LPAD(SEQ_VIDEO.NEXTVAL, 4, 0),'COUR0008', 1, 5, '融會貫通的時候', 375, EMPTY_BLOB());
INSERT INTO VIDEO VALUES ('VID' || LPAD(SEQ_VIDEO.NEXTVAL, 4, 0),'COUR0008', 1, 6, '動手做做看', 170, EMPTY_BLOB());
-- --------- COUR0009 ----------
INSERT INTO VIDEO VALUES ('VID' || LPAD(SEQ_VIDEO.NEXTVAL, 4, 0),'COUR0009', 1, 1, '基礎觀念建立', 262, EMPTY_BLOB());
INSERT INTO VIDEO VALUES ('VID' || LPAD(SEQ_VIDEO.NEXTVAL, 4, 0),'COUR0009', 1, 2, '認識很棒的相關資源', 185, EMPTY_BLOB());
INSERT INTO VIDEO VALUES ('VID' || LPAD(SEQ_VIDEO.NEXTVAL, 4, 0),'COUR0009', 1, 3, '第一次動手練習', 352, EMPTY_BLOB());
INSERT INTO VIDEO VALUES ('VID' || LPAD(SEQ_VIDEO.NEXTVAL, 4, 0),'COUR0009', 1, 4, '進階觀念學習', 274, EMPTY_BLOB());
INSERT INTO VIDEO VALUES ('VID' || LPAD(SEQ_VIDEO.NEXTVAL, 4, 0),'COUR0009', 1, 5, '融會貫通的時候', 375, EMPTY_BLOB());
INSERT INTO VIDEO VALUES ('VID' || LPAD(SEQ_VIDEO.NEXTVAL, 4, 0),'COUR0009', 1, 6, '動手做做看', 170, EMPTY_BLOB());
-- --------- COUR0010 ----------
INSERT INTO VIDEO VALUES ('VID' || LPAD(SEQ_VIDEO.NEXTVAL, 4, 0),'COUR0010', 1, 1, '基礎觀念建立', 262, EMPTY_BLOB());
INSERT INTO VIDEO VALUES ('VID' || LPAD(SEQ_VIDEO.NEXTVAL, 4, 0),'COUR0010', 1, 2, '認識很棒的相關資源', 185, EMPTY_BLOB());
INSERT INTO VIDEO VALUES ('VID' || LPAD(SEQ_VIDEO.NEXTVAL, 4, 0),'COUR0010', 1, 3, '第一次動手練習', 352, EMPTY_BLOB());
INSERT INTO VIDEO VALUES ('VID' || LPAD(SEQ_VIDEO.NEXTVAL, 4, 0),'COUR0010', 1, 4, '進階觀念學習', 274, EMPTY_BLOB());
INSERT INTO VIDEO VALUES ('VID' || LPAD(SEQ_VIDEO.NEXTVAL, 4, 0),'COUR0010', 1, 5, '融會貫通的時候', 375, EMPTY_BLOB());
INSERT INTO VIDEO VALUES ('VID' || LPAD(SEQ_VIDEO.NEXTVAL, 4, 0),'COUR0010', 1, 6, '動手做做看', 170, EMPTY_BLOB());
-- --------- COUR0011 ----------
INSERT INTO VIDEO VALUES ('VID' || LPAD(SEQ_VIDEO.NEXTVAL, 4, 0),'COUR0011', 1, 1, '基礎觀念建立', 262, EMPTY_BLOB());
INSERT INTO VIDEO VALUES ('VID' || LPAD(SEQ_VIDEO.NEXTVAL, 4, 0),'COUR0011', 1, 2, '認識很棒的相關資源', 185, EMPTY_BLOB());
INSERT INTO VIDEO VALUES ('VID' || LPAD(SEQ_VIDEO.NEXTVAL, 4, 0),'COUR0011', 1, 3, '第一次動手練習', 352, EMPTY_BLOB());
INSERT INTO VIDEO VALUES ('VID' || LPAD(SEQ_VIDEO.NEXTVAL, 4, 0),'COUR0011', 1, 4, '進階觀念學習', 274, EMPTY_BLOB());
INSERT INTO VIDEO VALUES ('VID' || LPAD(SEQ_VIDEO.NEXTVAL, 4, 0),'COUR0011', 1, 5, '融會貫通的時候', 375, EMPTY_BLOB());
INSERT INTO VIDEO VALUES ('VID' || LPAD(SEQ_VIDEO.NEXTVAL, 4, 0),'COUR0011', 1, 6, '動手做做看', 170, EMPTY_BLOB());
-- --------- COUR0012 ----------
INSERT INTO VIDEO VALUES ('VID' || LPAD(SEQ_VIDEO.NEXTVAL, 4, 0),'COUR0012', 1, 1, '基礎觀念建立', 262, EMPTY_BLOB());
INSERT INTO VIDEO VALUES ('VID' || LPAD(SEQ_VIDEO.NEXTVAL, 4, 0),'COUR0012', 1, 2, '認識很棒的相關資源', 185, EMPTY_BLOB());
INSERT INTO VIDEO VALUES ('VID' || LPAD(SEQ_VIDEO.NEXTVAL, 4, 0),'COUR0012', 1, 3, '第一次動手練習', 352, EMPTY_BLOB());
INSERT INTO VIDEO VALUES ('VID' || LPAD(SEQ_VIDEO.NEXTVAL, 4, 0),'COUR0012', 1, 4, '進階觀念學習', 274, EMPTY_BLOB());
INSERT INTO VIDEO VALUES ('VID' || LPAD(SEQ_VIDEO.NEXTVAL, 4, 0),'COUR0012', 1, 5, '融會貫通的時候', 375, EMPTY_BLOB());
INSERT INTO VIDEO VALUES ('VID' || LPAD(SEQ_VIDEO.NEXTVAL, 4, 0),'COUR0012', 1, 6, '動手做做看', 170, EMPTY_BLOB());
-- --------- COUR0013 ----------
INSERT INTO VIDEO VALUES ('VID' || LPAD(SEQ_VIDEO.NEXTVAL, 4, 0),'COUR0013', 1, 1, '基礎觀念建立', 262, EMPTY_BLOB());
INSERT INTO VIDEO VALUES ('VID' || LPAD(SEQ_VIDEO.NEXTVAL, 4, 0),'COUR0013', 1, 2, '認識很棒的相關資源', 185, EMPTY_BLOB());
INSERT INTO VIDEO VALUES ('VID' || LPAD(SEQ_VIDEO.NEXTVAL, 4, 0),'COUR0013', 1, 3, '第一次動手練習', 352, EMPTY_BLOB());
INSERT INTO VIDEO VALUES ('VID' || LPAD(SEQ_VIDEO.NEXTVAL, 4, 0),'COUR0013', 1, 4, '進階觀念學習', 274, EMPTY_BLOB());
INSERT INTO VIDEO VALUES ('VID' || LPAD(SEQ_VIDEO.NEXTVAL, 4, 0),'COUR0013', 1, 5, '融會貫通的時候', 375, EMPTY_BLOB());
INSERT INTO VIDEO VALUES ('VID' || LPAD(SEQ_VIDEO.NEXTVAL, 4, 0),'COUR0013', 1, 6, '動手做做看', 170, EMPTY_BLOB());
-- --------- COUR0014 ----------
INSERT INTO VIDEO VALUES ('VID' || LPAD(SEQ_VIDEO.NEXTVAL, 4, 0),'COUR0014', 1, 1, '基礎觀念建立', 262, EMPTY_BLOB());
INSERT INTO VIDEO VALUES ('VID' || LPAD(SEQ_VIDEO.NEXTVAL, 4, 0),'COUR0014', 1, 2, '認識很棒的相關資源', 185, EMPTY_BLOB());
INSERT INTO VIDEO VALUES ('VID' || LPAD(SEQ_VIDEO.NEXTVAL, 4, 0),'COUR0014', 1, 3, '第一次動手練習', 352, EMPTY_BLOB());
INSERT INTO VIDEO VALUES ('VID' || LPAD(SEQ_VIDEO.NEXTVAL, 4, 0),'COUR0014', 1, 4, '進階觀念學習', 274, EMPTY_BLOB());
INSERT INTO VIDEO VALUES ('VID' || LPAD(SEQ_VIDEO.NEXTVAL, 4, 0),'COUR0014', 1, 5, '融會貫通的時候', 375, EMPTY_BLOB());
INSERT INTO VIDEO VALUES ('VID' || LPAD(SEQ_VIDEO.NEXTVAL, 4, 0),'COUR0014', 1, 6, '動手做做看', 170, EMPTY_BLOB());
-- --------- COUR0015 ----------
INSERT INTO VIDEO VALUES ('VID' || LPAD(SEQ_VIDEO.NEXTVAL, 4, 0),'COUR0015', 1, 1, '基礎觀念建立', 262, EMPTY_BLOB());
INSERT INTO VIDEO VALUES ('VID' || LPAD(SEQ_VIDEO.NEXTVAL, 4, 0),'COUR0015', 1, 2, '認識很棒的相關資源', 185, EMPTY_BLOB());
INSERT INTO VIDEO VALUES ('VID' || LPAD(SEQ_VIDEO.NEXTVAL, 4, 0),'COUR0015', 1, 3, '第一次動手練習', 352, EMPTY_BLOB());
INSERT INTO VIDEO VALUES ('VID' || LPAD(SEQ_VIDEO.NEXTVAL, 4, 0),'COUR0015', 1, 4, '進階觀念學習', 274, EMPTY_BLOB());
INSERT INTO VIDEO VALUES ('VID' || LPAD(SEQ_VIDEO.NEXTVAL, 4, 0),'COUR0015', 1, 5, '融會貫通的時候', 375, EMPTY_BLOB());
INSERT INTO VIDEO VALUES ('VID' || LPAD(SEQ_VIDEO.NEXTVAL, 4, 0),'COUR0015', 1, 6, '動手做做看', 170, EMPTY_BLOB());
-- --------- COUR0016 ----------
INSERT INTO VIDEO VALUES ('VID' || LPAD(SEQ_VIDEO.NEXTVAL, 4, 0),'COUR0016', 1, 1, '基礎觀念建立', 262, EMPTY_BLOB());
INSERT INTO VIDEO VALUES ('VID' || LPAD(SEQ_VIDEO.NEXTVAL, 4, 0),'COUR0016', 1, 2, '認識很棒的相關資源', 185, EMPTY_BLOB());
INSERT INTO VIDEO VALUES ('VID' || LPAD(SEQ_VIDEO.NEXTVAL, 4, 0),'COUR0016', 1, 3, '第一次動手練習', 352, EMPTY_BLOB());
INSERT INTO VIDEO VALUES ('VID' || LPAD(SEQ_VIDEO.NEXTVAL, 4, 0),'COUR0016', 1, 4, '進階觀念學習', 274, EMPTY_BLOB());
INSERT INTO VIDEO VALUES ('VID' || LPAD(SEQ_VIDEO.NEXTVAL, 4, 0),'COUR0016', 1, 5, '融會貫通的時候', 375, EMPTY_BLOB());
INSERT INTO VIDEO VALUES ('VID' || LPAD(SEQ_VIDEO.NEXTVAL, 4, 0),'COUR0016', 1, 6, '動手做做看', 170, EMPTY_BLOB());


-- -- --------- COUR0017 ----------
-- INSERT INTO VIDEO VALUES ('VID' || LPAD(SEQ_VIDEO.NEXTVAL, 4, 0),'COUR0017', 1, 1, '基礎觀念建立', 262, EMPTY_BLOB());
-- INSERT INTO VIDEO VALUES ('VID' || LPAD(SEQ_VIDEO.NEXTVAL, 4, 0),'COUR0017', 1, 2, '認識很棒的相關資源', 185, EMPTY_BLOB());
-- INSERT INTO VIDEO VALUES ('VID' || LPAD(SEQ_VIDEO.NEXTVAL, 4, 0),'COUR0017', 1, 3, '第一次動手練習', 352, EMPTY_BLOB());
-- INSERT INTO VIDEO VALUES ('VID' || LPAD(SEQ_VIDEO.NEXTVAL, 4, 0),'COUR0017', 1, 4, '進階觀念學習', 274, EMPTY_BLOB());
-- INSERT INTO VIDEO VALUES ('VID' || LPAD(SEQ_VIDEO.NEXTVAL, 4, 0),'COUR0017', 1, 5, '融會貫通的時候', 375, EMPTY_BLOB());
-- INSERT INTO VIDEO VALUES ('VID' || LPAD(SEQ_VIDEO.NEXTVAL, 4, 0),'COUR0017', 1, 6, '動手做做看', 170, EMPTY_BLOB());
-- -- --------- COUR0018 ----------
-- INSERT INTO VIDEO VALUES ('VID' || LPAD(SEQ_VIDEO.NEXTVAL, 4, 0),'COUR0018', 1, 1, '基礎觀念建立', 262, EMPTY_BLOB());
-- INSERT INTO VIDEO VALUES ('VID' || LPAD(SEQ_VIDEO.NEXTVAL, 4, 0),'COUR0018', 1, 2, '認識很棒的相關資源', 185, EMPTY_BLOB());
-- INSERT INTO VIDEO VALUES ('VID' || LPAD(SEQ_VIDEO.NEXTVAL, 4, 0),'COUR0018', 1, 3, '第一次動手練習', 352, EMPTY_BLOB());
-- INSERT INTO VIDEO VALUES ('VID' || LPAD(SEQ_VIDEO.NEXTVAL, 4, 0),'COUR0018', 1, 4, '進階觀念學習', 274, EMPTY_BLOB());
-- INSERT INTO VIDEO VALUES ('VID' || LPAD(SEQ_VIDEO.NEXTVAL, 4, 0),'COUR0018', 1, 5, '融會貫通的時候', 375, EMPTY_BLOB());
-- INSERT INTO VIDEO VALUES ('VID' || LPAD(SEQ_VIDEO.NEXTVAL, 4, 0),'COUR0018', 1, 6, '動手做做看', 170, EMPTY_BLOB());
-- -- --------- COUR0019 ----------
-- INSERT INTO VIDEO VALUES ('VID' || LPAD(SEQ_VIDEO.NEXTVAL, 4, 0),'COUR0019', 1, 1, '基礎觀念建立', 262, EMPTY_BLOB());
-- INSERT INTO VIDEO VALUES ('VID' || LPAD(SEQ_VIDEO.NEXTVAL, 4, 0),'COUR0019', 1, 2, '認識很棒的相關資源', 185, EMPTY_BLOB());
-- INSERT INTO VIDEO VALUES ('VID' || LPAD(SEQ_VIDEO.NEXTVAL, 4, 0),'COUR0019', 1, 3, '第一次動手練習', 352, EMPTY_BLOB());
-- INSERT INTO VIDEO VALUES ('VID' || LPAD(SEQ_VIDEO.NEXTVAL, 4, 0),'COUR0019', 1, 4, '進階觀念學習', 274, EMPTY_BLOB());
-- INSERT INTO VIDEO VALUES ('VID' || LPAD(SEQ_VIDEO.NEXTVAL, 4, 0),'COUR0019', 1, 5, '融會貫通的時候', 375, EMPTY_BLOB());
-- INSERT INTO VIDEO VALUES ('VID' || LPAD(SEQ_VIDEO.NEXTVAL, 4, 0),'COUR0019', 1, 6, '動手做做看', 170, EMPTY_BLOB());


---- --------- course 2 ----------
--INSERT INTO VIDEO VALUES ('VID' || LPAD(SEQ_VIDEO.NEXTVAL, 4, 0),'COUR0002', 1, 1, '#1.Java建置開發環境(一)瞭解所需工具', 262, EMPTY_BLOB());
--INSERT INTO VIDEO VALUES ('VID' || LPAD(SEQ_VIDEO.NEXTVAL, 4, 0),'COUR0002', 1, 2, '#2.Java建置開發環境(二)下載所需要的檔案', 185, EMPTY_BLOB());
--INSERT INTO VIDEO VALUES ('VID' || LPAD(SEQ_VIDEO.NEXTVAL, 4, 0),'COUR0002', 1, 3, '#3.撰寫第一支Java程式', 352, EMPTY_BLOB());
--INSERT INTO VIDEO VALUES ('VID' || LPAD(SEQ_VIDEO.NEXTVAL, 4, 0),'COUR0002', 1, 4, '#4.基本型別與變數', 274, EMPTY_BLOB());
--INSERT INTO VIDEO VALUES ('VID' || LPAD(SEQ_VIDEO.NEXTVAL, 4, 0),'COUR0002', 1, 5, '#5.基本型別-布林值(boolean)', 75, EMPTY_BLOB());
--INSERT INTO VIDEO VALUES ('VID' || LPAD(SEQ_VIDEO.NEXTVAL, 4, 0),'COUR0002', 1, 6, '#6.基本型別-字元', 170, EMPTY_BLOB());
--INSERT INTO VIDEO VALUES ('VID' || LPAD(SEQ_VIDEO.NEXTVAL, 4, 0),'COUR0002', 1, 7, '#7.位元組byte與短整數short運算', 483, EMPTY_BLOB());
--INSERT INTO VIDEO VALUES ('VID' || LPAD(SEQ_VIDEO.NEXTVAL, 4, 0),'COUR0002', 1, 8, '#8.整數int運算', 225, EMPTY_BLOB());
--INSERT INTO VIDEO VALUES ('VID' || LPAD(SEQ_VIDEO.NEXTVAL, 4, 0),'COUR0002', 1, 9, '#9.浮點數float與倍精度浮點數double運算', 251, EMPTY_BLOB());
--INSERT INTO VIDEO VALUES ('VID' || LPAD(SEQ_VIDEO.NEXTVAL, 4, 0),'COUR0002', 1, 10, '#10.基本型別混合運算', 155, EMPTY_BLOB());
--INSERT INTO VIDEO VALUES ('VID' || LPAD(SEQ_VIDEO.NEXTVAL, 4, 0),'COUR0002', 1, 11, '#11.基本型別轉型處理', 172, EMPTY_BLOB());
---- --------- course 3 ----------
--INSERT INTO VIDEO VALUES ('VID' || LPAD(SEQ_VIDEO.NEXTVAL, 4, 0),'COUR0003', 1, 1, '#1.判斷式if的基本語法', 202, EMPTY_BLOB());
--INSERT INTO VIDEO VALUES ('VID' || LPAD(SEQ_VIDEO.NEXTVAL, 4, 0),'COUR0003', 1, 2, '#2.if單列與區塊結構', 128, EMPTY_BLOB());
--INSERT INTO VIDEO VALUES ('VID' || LPAD(SEQ_VIDEO.NEXTVAL, 4, 0),'COUR0003', 1, 3, '#3.ifelse語法格式', 104, EMPTY_BLOB());
--INSERT INTO VIDEO VALUES ('VID' || LPAD(SEQ_VIDEO.NEXTVAL, 4, 0),'COUR0003', 1, 4, '#4.存取修飾字的基本認識', 296, EMPTY_BLOB());
--INSERT INTO VIDEO VALUES ('VID' || LPAD(SEQ_VIDEO.NEXTVAL, 4, 0),'COUR0003', 1, 5, '#5.存取修飾字實作驗證', 473, EMPTY_BLOB());
--INSERT INTO VIDEO VALUES ('VID' || LPAD(SEQ_VIDEO.NEXTVAL, 4, 0),'COUR0003', 1, 6, '#6.建構式的核心觀念', 266, EMPTY_BLOB());
--INSERT INTO VIDEO VALUES ('VID' || LPAD(SEQ_VIDEO.NEXTVAL, 4, 0),'COUR0003', 1, 7, '#7.物件實體建構觀念', 374, EMPTY_BLOB());
--INSERT INTO VIDEO VALUES ('VID' || LPAD(SEQ_VIDEO.NEXTVAL, 4, 0),'COUR0003', 1, 8, '#8.Overloading的意義', 391, EMPTY_BLOB());
-- --------- course 3 ----------
-- INSERT INTO VIDEO VALUES ('VID' || LPAD(SEQ_VIDEO.NEXTVAL, 4, 0),'COUR0003', 1, 1, '1.什麼是HTML', 181, EMPTY_BLOB());
-- INSERT INTO VIDEO VALUES ('VID' || LPAD(SEQ_VIDEO.NEXTVAL, 4, 0),'COUR0003', 1, 2, '2.建立你的第一個網頁', 258, EMPTY_BLOB());
-- INSERT INTO VIDEO VALUES ('VID' || LPAD(SEQ_VIDEO.NEXTVAL, 4, 0),'COUR0003', 1, 3, '3.HTML文件的架構', 401, EMPTY_BLOB());
-- INSERT INTO VIDEO VALUES ('VID' || LPAD(SEQ_VIDEO.NEXTVAL, 4, 0),'COUR0003', 1, 4, '4認識HTML元素', 1137, EMPTY_BLOB());
-- INSERT INTO VIDEO VALUES ('VID' || LPAD(SEQ_VIDEO.NEXTVAL, 4, 0),'COUR0003', 1, 5, '5.HTML元素的結構', 644, EMPTY_BLOB());
-- INSERT INTO VIDEO VALUES ('VID' || LPAD(SEQ_VIDEO.NEXTVAL, 4, 0),'COUR0003', 1, 6, '6.HTML的絕對路徑與相對路徑', 605, EMPTY_BLOB());
-- --------- course 4 ----------
-- INSERT INTO VIDEO VALUES ('VID' || LPAD(SEQ_VIDEO.NEXTVAL, 4, 0),'COUR0004', 1, 1, '1.CSS如何跟HTML搭配使用', 565, EMPTY_BLOB());
-- INSERT INTO VIDEO VALUES ('VID' || LPAD(SEQ_VIDEO.NEXTVAL, 4, 0),'COUR0004', 1, 2, '2.在HTML中使用Javascript', 423, EMPTY_BLOB());
-- INSERT INTO VIDEO VALUES ('VID' || LPAD(SEQ_VIDEO.NEXTVAL, 4, 0),'COUR0004', 1, 3, '3.Semantic語意化', 459, EMPTY_BLOB());
--INSERT INTO VIDEO VALUES ('VID' || LPAD(SEQ_VIDEO.NEXTVAL, 4, 0),'COUR0004', 1, 4, '4.FreeCodeCamp練習引導', 560, EMPTY_BLOB());

-- ==================== #15 觀看進度 VIDEO_BAR ====================
INSERT INTO VIDEO_BAR (MEMNO, VIDEONO, VIDEOSEC, VIDEOTTLTIME) VALUES('MEM0001', 'VID0001', 200, 200);
INSERT INTO VIDEO_BAR (MEMNO, VIDEONO, VIDEOSEC, VIDEOTTLTIME) VALUES('MEM0001', 'VID0002', 200, 200);
INSERT INTO VIDEO_BAR (MEMNO, VIDEONO, VIDEOSEC, VIDEOTTLTIME) VALUES('MEM0001', 'VID0003', 200, 200);
INSERT INTO VIDEO_BAR (MEMNO, VIDEONO, VIDEOSEC, VIDEOTTLTIME) VALUES('MEM0001', 'VID0004', 150, 150);
INSERT INTO VIDEO_BAR (MEMNO, VIDEONO, VIDEOSEC, VIDEOTTLTIME) VALUES('MEM0002', 'VID0001', 100, 125);
INSERT INTO VIDEO_BAR (MEMNO, VIDEONO, VIDEOSEC, VIDEOTTLTIME) VALUES('MEM0002', 'VID0002', 32, 150);
INSERT INTO VIDEO_BAR (MEMNO, VIDEONO, VIDEOSEC, VIDEOTTLTIME) VALUES('MEM0003', 'VID0004', 53, 150);
INSERT INTO VIDEO_BAR (MEMNO, VIDEONO, VIDEOSEC, VIDEOTTLTIME) VALUES('MEM0003', 'VID0005', 52, 150);
INSERT INTO VIDEO_BAR (MEMNO, VIDEONO, VIDEOSEC, VIDEOTTLTIME) VALUES('MEM0004', 'VID0002', 75, 213);
INSERT INTO VIDEO_BAR (MEMNO, VIDEONO, VIDEOSEC, VIDEOTTLTIME) VALUES('MEM0004', 'VID0003', 42, 233);
INSERT INTO VIDEO_BAR (MEMNO, VIDEONO, VIDEOSEC, VIDEOTTLTIME) VALUES('MEM0004', 'VID0004', 64, 89);
INSERT INTO VIDEO_BAR (MEMNO, VIDEONO, VIDEOSEC, VIDEOTTLTIME) VALUES('MEM0006', 'VID0002', 68, 77);
-- ==================== #16 課程附件 COURSE_ATTACH ====================
INSERT INTO COURSE_ATTACH (ATTNO, COURSENO) VALUES('ATT' || LPAD(SEQ_ATTNO.NEXTVAL, 4, 0), 'COUR0001');
-- ==================== #17 評價 COURSE_ASSESS ====================
INSERT INTO COURSE_ASSESS (ASESNO, COURSENO, MEMNO, COURSESCORE, COMMENTS) VALUES('ASES' || LPAD(SEQ_ASESNO.NEXTVAL, 4, 0), 'COUR0001', 'MEM0001', 5, '其實JAVA不難,只要會複製,貼上,拿來改就好:")各位同學可以參考一下唷');
INSERT INTO COURSE_ASSESS (ASESNO, COURSENO, MEMNO, COURSESCORE, COMMENTS) VALUES('ASES' || LPAD(SEQ_ASESNO.NEXTVAL, 4, 0), 'COUR0001', 'MEM0002', 5, '很棒的課程');
INSERT INTO COURSE_ASSESS (ASESNO, COURSENO, MEMNO, COURSESCORE, COMMENTS) VALUES('ASES' || LPAD(SEQ_ASESNO.NEXTVAL, 4, 0), 'COUR0001', 'MEM0003', 5, '不錯的課程,老師很用心');
INSERT INTO COURSE_ASSESS (ASESNO, COURSENO, MEMNO, COURSESCORE, COMMENTS) VALUES('ASES' || LPAD(SEQ_ASESNO.NEXTVAL, 4, 0), 'COUR0001', 'MEM0004', 5, '值得一看再看欸');
INSERT INTO COURSE_ASSESS (ASESNO, COURSENO, MEMNO, COURSESCORE, COMMENTS) VALUES('ASES' || LPAD(SEQ_ASESNO.NEXTVAL, 4, 0), 'COUR0001', 'MEM0005', 4, '啊~還行啦,覺得可以再加強一下');
INSERT INTO COURSE_ASSESS (ASESNO, COURSENO, MEMNO, COURSESCORE, COMMENTS) VALUES('ASES' || LPAD(SEQ_ASESNO.NEXTVAL, 4, 0), 'COUR0001', 'MEM0006', 5, '老師聲音好好聽欸,讓我一直看,停不下來');
INSERT INTO COURSE_ASSESS (ASESNO, COURSENO, MEMNO, COURSESCORE, COMMENTS) VALUES('ASES' || LPAD(SEQ_ASESNO.NEXTVAL, 4, 0), 'COUR0001', 'MEM0007', 4, '老師教得很好,淺顯易懂,新手可以輕鬆學會');
INSERT INTO COURSE_ASSESS (ASESNO, COURSENO, MEMNO, COURSESCORE, COMMENTS) VALUES('ASES' || LPAD(SEQ_ASESNO.NEXTVAL, 4, 0), 'COUR0001', 'MEM0008', 3, '這堂課只適合初學者，對於已有一些基礎知識的並不推薦。另外老師冗詞真的有點太多了');
INSERT INTO COURSE_ASSESS (ASESNO, COURSENO, MEMNO, COURSESCORE, COMMENTS) VALUES('ASES' || LPAD(SEQ_ASESNO.NEXTVAL, 4, 0), 'COUR0001', 'MEM0009', 3, '對初學者來說好像有點太難了');
INSERT INTO COURSE_ASSESS (ASESNO, COURSENO, MEMNO, COURSESCORE, COMMENTS) VALUES('ASES' || LPAD(SEQ_ASESNO.NEXTVAL, 4, 0), 'COUR0001', 'MEM0010', 3, '我覺得這堂課cp值有點低,建議大家多想想');
INSERT INTO COURSE_ASSESS (ASESNO, COURSENO, MEMNO, COURSESCORE, COMMENTS) VALUES('ASES' || LPAD(SEQ_ASESNO.NEXTVAL, 4, 0), 'COUR0001', 'MEM0011', 5, '不錯的課程啦');
INSERT INTO COURSE_ASSESS (ASESNO, COURSENO, MEMNO, COURSESCORE, COMMENTS) VALUES('ASES' || LPAD(SEQ_ASESNO.NEXTVAL, 4, 0), 'COUR0001', 'MEM0012', 5, '整體程式課程太分散,太少講解 建議可以由老師統整');
INSERT INTO COURSE_ASSESS (ASESNO, COURSENO, MEMNO, COURSESCORE, COMMENTS) VALUES('ASES' || LPAD(SEQ_ASESNO.NEXTVAL, 4, 0), 'COUR0001', 'MEM0013', 5, '這老師哪來的? 長太帥了吧..');
INSERT INTO COURSE_ASSESS (ASESNO, COURSENO, MEMNO, COURSESCORE, COMMENTS) VALUES('ASES' || LPAD(SEQ_ASESNO.NEXTVAL, 4, 0), 'COUR0001', 'MEM0014', 3, '還算實用啦..只是覺得整體課程可以再精簡一點');
INSERT INTO COURSE_ASSESS (ASESNO, COURSENO, MEMNO, COURSESCORE, COMMENTS) VALUES('ASES' || LPAD(SEQ_ASESNO.NEXTVAL, 4, 0), 'COUR0001', 'MEM0015', 1, '華而不實 不推薦 講一些網路都能找的到文');
INSERT INTO COURSE_ASSESS (ASESNO, COURSENO, MEMNO, COURSESCORE, COMMENTS) VALUES('ASES' || LPAD(SEQ_ASESNO.NEXTVAL, 4, 0), 'COUR0001', 'MEM0016', 5, '從未接觸過java的我,透過這堂課可以理解到java的運作方式,老師講解很清楚,讚');
INSERT INTO COURSE_ASSESS (ASESNO, COURSENO, MEMNO, COURSESCORE, COMMENTS) VALUES('ASES' || LPAD(SEQ_ASESNO.NEXTVAL, 4, 0), 'COUR0001', 'MEM0017', 5, '課程還在進行中～ 大致都覺得不錯 很仔細～');
INSERT INTO COURSE_ASSESS (ASESNO, COURSENO, MEMNO, COURSESCORE, COMMENTS) VALUES('ASES' || LPAD(SEQ_ASESNO.NEXTVAL, 4, 0), 'COUR0001', 'MEM0018', 4, '講解詳細，老師用心，推!');
INSERT INTO COURSE_ASSESS (ASESNO, COURSENO, MEMNO, COURSESCORE, COMMENTS) VALUES('ASES' || LPAD(SEQ_ASESNO.NEXTVAL, 4, 0), 'COUR0001', 'MEM0019', 4, '老師從安裝軟體開始很詳細的講述所有內容 讓沒有程式語言基礎的人也能理解，推推');
INSERT INTO COURSE_ASSESS (ASESNO, COURSENO, MEMNO, COURSESCORE, COMMENTS) VALUES('ASES' || LPAD(SEQ_ASESNO.NEXTVAL, 4, 0), 'COUR0001', 'MEM0020', 3, '普普通通..可能我已經學過了所以對我來說,這堂課還好');
INSERT INTO COURSE_ASSESS (ASESNO, COURSENO, MEMNO, COURSESCORE, COMMENTS) VALUES('ASES' || LPAD(SEQ_ASESNO.NEXTVAL, 4, 0), 'COUR0001', 'MEM0021', 5, '建議初學者都要來上過這堂課,對接下來中階課程會很有幫助只要照著老師的步驟去做,一切都不會太難的!');
INSERT INTO COURSE_ASSESS (ASESNO, COURSENO, MEMNO, COURSESCORE, COMMENTS) VALUES('ASES' || LPAD(SEQ_ASESNO.NEXTVAL, 4, 0), 'COUR0001', 'MEM0022', 5, '老師的課程教的非常的仔細。推薦給還在猶豫要不要自學的新手');
INSERT INTO COURSE_ASSESS (ASESNO, COURSENO, MEMNO, COURSESCORE, COMMENTS) VALUES('ASES' || LPAD(SEQ_ASESNO.NEXTVAL, 4, 0), 'COUR0001', 'MEM0023', 5, '啊..不小心按錯了?可以修改評價嗎?');
INSERT INTO COURSE_ASSESS (ASESNO, COURSENO, MEMNO, COURSESCORE, COMMENTS) VALUES('ASES' || LPAD(SEQ_ASESNO.NEXTVAL, 4, 0), 'COUR0001', 'MEM0024', 3, '好爛好無聊哦');
INSERT INTO COURSE_ASSESS (ASESNO, COURSENO, MEMNO, COURSESCORE, COMMENTS) VALUES('ASES' || LPAD(SEQ_ASESNO.NEXTVAL, 4, 0), 'COUR0001', 'MEM0025', 5, '課程內容完整，老師講解也很清楚， 已購買老師兩門課程，都很推');
INSERT INTO COURSE_ASSESS (ASESNO, COURSENO, MEMNO, COURSESCORE, COMMENTS) VALUES('ASES' || LPAD(SEQ_ASESNO.NEXTVAL, 4, 0), 'COUR0001', 'MEM0026', 4, '對於java初學者的我來說,聽了幾一堂課，感覺還不錯，希望這次可以好好學習');
INSERT INTO COURSE_ASSESS (ASESNO, COURSENO, MEMNO, COURSESCORE, COMMENTS) VALUES('ASES' || LPAD(SEQ_ASESNO.NEXTVAL, 4, 0), 'COUR0001', 'MEM0027', 3, '老師講話速度有點快,但大致來說還可以');
INSERT INTO COURSE_ASSESS (ASESNO, COURSENO, MEMNO, COURSESCORE, COMMENTS) VALUES('ASES' || LPAD(SEQ_ASESNO.NEXTVAL, 4, 0), 'COUR0001', 'MEM0028', 4, '老師的教學非常有邏輯,上老師的課絕對可以抱著輕鬆愉快的心情滿載而歸^^');
INSERT INTO COURSE_ASSESS (ASESNO, COURSENO, MEMNO, COURSESCORE, COMMENTS) VALUES('ASES' || LPAD(SEQ_ASESNO.NEXTVAL, 4, 0), 'COUR0001', 'MEM0029', 3, '希望老師可以加我賴,加了之後我再改評價^^');
INSERT INTO COURSE_ASSESS (ASESNO, COURSENO, MEMNO, COURSESCORE, COMMENTS) VALUES('ASES' || LPAD(SEQ_ASESNO.NEXTVAL, 4, 0), 'COUR0001', 'MEM0030', 4, '如果是我來教的話..我可以教得更好');

INSERT INTO COURSE_ASSESS (ASESNO, COURSENO, MEMNO, COURSESCORE, COMMENTS) VALUES('ASES' || LPAD(SEQ_ASESNO.NEXTVAL, 4, 0), 'COUR0002', 'MEM0001', 5, '很"固固"的課程唷^^');
INSERT INTO COURSE_ASSESS (ASESNO, COURSENO, MEMNO, COURSESCORE, COMMENTS) VALUES('ASES' || LPAD(SEQ_ASESNO.NEXTVAL, 4, 0), 'COUR0002', 'MEM0002', 5, '很棒的課程');
INSERT INTO COURSE_ASSESS (ASESNO, COURSENO, MEMNO, COURSESCORE, COMMENTS) VALUES('ASES' || LPAD(SEQ_ASESNO.NEXTVAL, 4, 0), 'COUR0002', 'MEM0003', 5, '不錯的課程,老師很用心');
INSERT INTO COURSE_ASSESS (ASESNO, COURSENO, MEMNO, COURSESCORE, COMMENTS) VALUES('ASES' || LPAD(SEQ_ASESNO.NEXTVAL, 4, 0), 'COUR0002', 'MEM0004', 5, '值得一看再看欸');
INSERT INTO COURSE_ASSESS (ASESNO, COURSENO, MEMNO, COURSESCORE, COMMENTS) VALUES('ASES' || LPAD(SEQ_ASESNO.NEXTVAL, 4, 0), 'COUR0002', 'MEM0005', 4, '啊~還行啦,覺得可以再加強一下');
INSERT INTO COURSE_ASSESS (ASESNO, COURSENO, MEMNO, COURSESCORE, COMMENTS) VALUES('ASES' || LPAD(SEQ_ASESNO.NEXTVAL, 4, 0), 'COUR0002', 'MEM0006', 5, '老師聲音好好聽欸,讓我一直看,停不下來');
INSERT INTO COURSE_ASSESS (ASESNO, COURSENO, MEMNO, COURSESCORE, COMMENTS) VALUES('ASES' || LPAD(SEQ_ASESNO.NEXTVAL, 4, 0), 'COUR0002', 'MEM0007', 4, '老師教得很好,淺顯易懂,新手可以輕鬆學會');
INSERT INTO COURSE_ASSESS (ASESNO, COURSENO, MEMNO, COURSESCORE, COMMENTS) VALUES('ASES' || LPAD(SEQ_ASESNO.NEXTVAL, 4, 0), 'COUR0002', 'MEM0008', 3, '這堂課只適合初學者，對於已有一些基礎知識的並不推薦。另外老師冗詞真的有點太多了');
INSERT INTO COURSE_ASSESS (ASESNO, COURSENO, MEMNO, COURSESCORE, COMMENTS) VALUES('ASES' || LPAD(SEQ_ASESNO.NEXTVAL, 4, 0), 'COUR0002', 'MEM0009', 3, '對初學者來說好像有點太難了');
INSERT INTO COURSE_ASSESS (ASESNO, COURSENO, MEMNO, COURSESCORE, COMMENTS) VALUES('ASES' || LPAD(SEQ_ASESNO.NEXTVAL, 4, 0), 'COUR0002', 'MEM0010', 3, '我覺得這堂課cp值有點低,建議大家多想想');
INSERT INTO COURSE_ASSESS (ASESNO, COURSENO, MEMNO, COURSESCORE, COMMENTS) VALUES('ASES' || LPAD(SEQ_ASESNO.NEXTVAL, 4, 0), 'COUR0002', 'MEM0011', 5, '不錯的課程啦');
INSERT INTO COURSE_ASSESS (ASESNO, COURSENO, MEMNO, COURSESCORE, COMMENTS) VALUES('ASES' || LPAD(SEQ_ASESNO.NEXTVAL, 4, 0), 'COUR0002', 'MEM0012', 5, '整體程式課程太分散,太少講解 建議可以由老師統整');
INSERT INTO COURSE_ASSESS (ASESNO, COURSENO, MEMNO, COURSESCORE, COMMENTS) VALUES('ASES' || LPAD(SEQ_ASESNO.NEXTVAL, 4, 0), 'COUR0002', 'MEM0013', 5, '這老師哪來的? 長太正了吧..');
INSERT INTO COURSE_ASSESS (ASESNO, COURSENO, MEMNO, COURSESCORE, COMMENTS) VALUES('ASES' || LPAD(SEQ_ASESNO.NEXTVAL, 4, 0), 'COUR0002', 'MEM0014', 3, '還算實用啦..只是覺得整體課程可以再精簡一點');
INSERT INTO COURSE_ASSESS (ASESNO, COURSENO, MEMNO, COURSESCORE, COMMENTS) VALUES('ASES' || LPAD(SEQ_ASESNO.NEXTVAL, 4, 0), 'COUR0002', 'MEM0015', 1, '華而不實 不推薦 講一些網路都能找的到文');
INSERT INTO COURSE_ASSESS (ASESNO, COURSENO, MEMNO, COURSESCORE, COMMENTS) VALUES('ASES' || LPAD(SEQ_ASESNO.NEXTVAL, 4, 0), 'COUR0002', 'MEM0016', 5, '從未接觸過java的我,透過這堂課可以理解到java的運作方式,老師講解很清楚,讚');
INSERT INTO COURSE_ASSESS (ASESNO, COURSENO, MEMNO, COURSESCORE, COMMENTS) VALUES('ASES' || LPAD(SEQ_ASESNO.NEXTVAL, 4, 0), 'COUR0002', 'MEM0017', 5, '課程還在進行中～ 大致都覺得不錯 很仔細～');
INSERT INTO COURSE_ASSESS (ASESNO, COURSENO, MEMNO, COURSESCORE, COMMENTS) VALUES('ASES' || LPAD(SEQ_ASESNO.NEXTVAL, 4, 0), 'COUR0002', 'MEM0018', 4, '講解詳細，老師用心，推!');
INSERT INTO COURSE_ASSESS (ASESNO, COURSENO, MEMNO, COURSESCORE, COMMENTS) VALUES('ASES' || LPAD(SEQ_ASESNO.NEXTVAL, 4, 0), 'COUR0002', 'MEM0019', 4, '老師從安裝軟體開始很詳細的講述所有內容 讓沒有程式語言基礎的人也能理解，推推');
INSERT INTO COURSE_ASSESS (ASESNO, COURSENO, MEMNO, COURSESCORE, COMMENTS) VALUES('ASES' || LPAD(SEQ_ASESNO.NEXTVAL, 4, 0), 'COUR0002', 'MEM0020', 3, '普普通通..可能我已經學過了所以對我來說,這堂課還好');
INSERT INTO COURSE_ASSESS (ASESNO, COURSENO, MEMNO, COURSESCORE, COMMENTS) VALUES('ASES' || LPAD(SEQ_ASESNO.NEXTVAL, 4, 0), 'COUR0002', 'MEM0021', 5, '建議初學者都要來上過這堂課,對接下來中階課程會很有幫助只要照著老師的步驟去做,一切都不會太難的!');
INSERT INTO COURSE_ASSESS (ASESNO, COURSENO, MEMNO, COURSESCORE, COMMENTS) VALUES('ASES' || LPAD(SEQ_ASESNO.NEXTVAL, 4, 0), 'COUR0002', 'MEM0022', 5, '老師的課程教的非常的仔細。推薦給還在猶豫要不要自學的新手');
INSERT INTO COURSE_ASSESS (ASESNO, COURSENO, MEMNO, COURSESCORE, COMMENTS) VALUES('ASES' || LPAD(SEQ_ASESNO.NEXTVAL, 4, 0), 'COUR0002', 'MEM0023', 5, '啊..不小心按錯了?可以修改評價嗎?');
INSERT INTO COURSE_ASSESS (ASESNO, COURSENO, MEMNO, COURSESCORE, COMMENTS) VALUES('ASES' || LPAD(SEQ_ASESNO.NEXTVAL, 4, 0), 'COUR0002', 'MEM0024', 3, '好爛好無聊哦');
INSERT INTO COURSE_ASSESS (ASESNO, COURSENO, MEMNO, COURSESCORE, COMMENTS) VALUES('ASES' || LPAD(SEQ_ASESNO.NEXTVAL, 4, 0), 'COUR0002', 'MEM0025', 5, '課程內容完整，老師講解也很清楚， 已購買老師兩門課程，都很推');
INSERT INTO COURSE_ASSESS (ASESNO, COURSENO, MEMNO, COURSESCORE, COMMENTS) VALUES('ASES' || LPAD(SEQ_ASESNO.NEXTVAL, 4, 0), 'COUR0002', 'MEM0026', 4, '對於java初學者的我來說,聽了幾一堂課，感覺還不錯，希望這次可以好好學習');
INSERT INTO COURSE_ASSESS (ASESNO, COURSENO, MEMNO, COURSESCORE, COMMENTS) VALUES('ASES' || LPAD(SEQ_ASESNO.NEXTVAL, 4, 0), 'COUR0002', 'MEM0027', 3, '老師講話速度有點快,但大致來說還可以');
INSERT INTO COURSE_ASSESS (ASESNO, COURSENO, MEMNO, COURSESCORE, COMMENTS) VALUES('ASES' || LPAD(SEQ_ASESNO.NEXTVAL, 4, 0), 'COUR0002', 'MEM0028', 4, '老師的教學非常有邏輯,上老師的課絕對可以抱著輕鬆愉快的心情滿載而歸＾＾');
INSERT INTO COURSE_ASSESS (ASESNO, COURSENO, MEMNO, COURSESCORE, COMMENTS) VALUES('ASES' || LPAD(SEQ_ASESNO.NEXTVAL, 4, 0), 'COUR0002', 'MEM0029', 3, '希望老師可以加我賴,加了之後我再改評價^^');
INSERT INTO COURSE_ASSESS (ASESNO, COURSENO, MEMNO, COURSESCORE, COMMENTS) VALUES('ASES' || LPAD(SEQ_ASESNO.NEXTVAL, 4, 0), 'COUR0002', 'MEM0030', 4, '如果是我來教的話..我可以教得更好');
-- ==================== #18 留言板貼文 POSTS =======================
INSERT INTO POSTS (POSTNO, COURSENO, MEMNO, POSTCONTENT) VALUES('POST' || LPAD(SEQ_POSTNO.NEXTVAL, 4, 0), 'COUR0001', 'MEM0030', '希望有多一些的參考資料能夠去閱讀～');
INSERT INTO POSTS (POSTNO, COURSENO, MEMNO, POSTCONTENT) VALUES('POST' || LPAD(SEQ_POSTNO.NEXTVAL, 4, 0), 'COUR0001', 'MEM0029', '為何計算答案使用short 會出現Overflow?');
INSERT INTO POSTS (POSTNO, COURSENO, MEMNO, POSTCONTENT) VALUES('POST' || LPAD(SEQ_POSTNO.NEXTVAL, 4, 0), 'COUR0001', 'MEM0025', '老師想請問啟動一個線程是用run()還是start()?');
INSERT INTO POSTS (POSTNO, COURSENO, MEMNO, POSTCONTENT) VALUES('POST' || LPAD(SEQ_POSTNO.NEXTVAL, 4, 0), 'COUR0001', 'MEM0024', '鼎鈞數位行銷網站 www.netnews.com.tw');
INSERT INTO POSTS (POSTNO, COURSENO, MEMNO, POSTCONTENT) VALUES('POST' || LPAD(SEQ_POSTNO.NEXTVAL, 4, 0), 'COUR0001', 'MEM0023', '老師您好,影片音質在中後段有點模糊不清');
INSERT INTO POSTS (POSTNO, COURSENO, MEMNO, POSTCONTENT) VALUES('POST' || LPAD(SEQ_POSTNO.NEXTVAL, 4, 0), 'COUR0001', 'MEM0022', '想請教Overload和Override的區別。Overloaded的方法是否可以改變返回值的類型?');
INSERT INTO POSTS (POSTNO, COURSENO, MEMNO, POSTCONTENT) VALUES('POST' || LPAD(SEQ_POSTNO.NEXTVAL, 4, 0), 'COUR0001', 'MEM0021', 'error和exception有什麼區別?～');
INSERT INTO POSTS (POSTNO, COURSENO, MEMNO, POSTCONTENT) VALUES('POST' || LPAD(SEQ_POSTNO.NEXTVAL, 4, 0), 'COUR0001', 'MEM0020', '影片中3:08開始所提到的,可以用生活中發生事物來舉例嗎? 謝謝');
INSERT INTO POSTS (POSTNO, COURSENO, MEMNO, POSTCONTENT) VALUES('POST' || LPAD(SEQ_POSTNO.NEXTVAL, 4, 0), 'COUR0001', 'MEM0019', '為什麼Java 中的String 是不可變的（Immutable）？');
INSERT INTO POSTS (POSTNO, SUPERPOSTNO, COURSENO, MEMNO, POSTCONTENT) VALUES('POST' || LPAD(SEQ_POSTNO.NEXTVAL, 4, 0), 'POST0009', 'COUR0001', 'MEM0001', 'Java 中的String 不可變是因為Java 的設計者認為字符串使用非常頻繁，將字符串設置為不可變可以允許多個客戶端之間共享相同的字符串。');
INSERT INTO POSTS (POSTNO, COURSENO, MEMNO, POSTCONTENT) VALUES('POST' || LPAD(SEQ_POSTNO.NEXTVAL, 4, 0), 'COUR0001', 'MEM0018', '影片品質有待改善');
INSERT INTO POSTS (POSTNO, COURSENO, MEMNO, POSTCONTENT) VALUES('POST' || LPAD(SEQ_POSTNO.NEXTVAL, 4, 0), 'COUR0001', 'MEM0017', '老師聲音真好聽!!!');
INSERT INTO POSTS (POSTNO, COURSENO, MEMNO, POSTCONTENT) VALUES('POST' || LPAD(SEQ_POSTNO.NEXTVAL, 4, 0), 'COUR0001', 'MEM0016', '聯成電腦『Excel實戰班』搶報名 - 最高補助【80%學費】!!!');
INSERT INTO POSTS (POSTNO, COURSENO, MEMNO, POSTCONTENT) VALUES('POST' || LPAD(SEQ_POSTNO.NEXTVAL, 4, 0), 'COUR0001', 'MEM0015', 'Collection 和 Collections的區別? 是單複數嗎?');
INSERT INTO POSTS (POSTNO, SUPERPOSTNO, COURSENO, MEMNO, POSTCONTENT) VALUES('POST' || LPAD(SEQ_POSTNO.NEXTVAL, 4, 0), 'POST0014', 'COUR0001', 'MEM0001', 'Collections是個java.util下的類，它包含有各種有關集合操作的靜態方法。
Collection是個java.util下的接口，它是各種集合結構的父接口。 並不是單複數唷^^'); 
INSERT INTO POSTS (POSTNO, COURSENO, MEMNO, POSTCONTENT) VALUES('POST' || LPAD(SEQ_POSTNO.NEXTVAL, 4, 0), 'COUR0001', 'MEM0023', 'List、Set、Map 和Queue有甚麼區別嗎?');
INSERT INTO POSTS (POSTNO, SUPERPOSTNO, COURSENO, MEMNO, POSTCONTENT) VALUES('POST' || LPAD(SEQ_POSTNO.NEXTVAL, 4, 0), 'POST0016', 'COUR0001', 'MEM0001', 'List 是一個有序集合，允許元素重複。它的某些實現可以提供基於下標值的常量訪問時間，但是這不是List 接口保證的。Set 是一個無序集合。');
INSERT INTO POSTS (POSTNO, COURSENO, MEMNO, POSTCONTENT) VALUES('POST' || LPAD(SEQ_POSTNO.NEXTVAL, 4, 0), 'COUR0001', 'MEM0012', 'Java 中如何格式化一個日期？如格式化為ddMMyyyy 的形式？');
INSERT INTO POSTS (POSTNO, SUPERPOSTNO, COURSENO, MEMNO, POSTCONTENT) VALUES('POST' || LPAD(SEQ_POSTNO.NEXTVAL, 4, 0), 'POST0018', 'COUR0001', 'MEM0001', '可以使用SimpleDateFormat 類或者joda-time 庫來格式日期。DateFormat 類允許你使用多種流行的格式來格式化日期,如dd-MM-yyyy 或ddMMyyyy。');
INSERT INTO POSTS (POSTNO, COURSENO, MEMNO, POSTCONTENT) VALUES('POST' || LPAD(SEQ_POSTNO.NEXTVAL, 4, 0), 'COUR0001', 'MEM0008', '桃園中壢中信當舖免留車免保人-小額貸款 0987888777');
-- ==================== #19 留言板檢舉明細 REPORT_DETAIL ====================
INSERT INTO REPORT_DETAIL (REPORTNO, MEMNO, POSTNO) VALUES('REPO' || LPAD(SEQ_REPORTNO.NEXTVAL, 4, 0), 'MEM0001', 'POST0001');
-- ==================== #20 優惠活動表 PROMO_LIST ====================
INSERT INTO PROMO_LIST VALUES ('PROM' || LPAD(SEQ_PROM.NEXTVAL, 4, 0),'教師節活動',TO_DATE('2020-08-30','YYYY-MM-DD'),TO_DATE('2020-09-30','YYYY-MM-DD'),'歡慶教師節');
INSERT INTO PROMO_LIST VALUES ('PROM' || LPAD(SEQ_PROM.NEXTVAL, 4, 0),'雙十節活動',TO_DATE('2020-10-01','YYYY-MM-DD'),TO_DATE('2020-10-20','YYYY-MM-DD'),'歡慶雙十節');
INSERT INTO PROMO_LIST VALUES ('PROM' || LPAD(SEQ_PROM.NEXTVAL, 4, 0),'雙十一活動',TO_DATE('2020-11-10','YYYY-MM-DD'),TO_DATE('2020-11-11','YYYY-MM-DD'),'歡慶雙十一');
-- ==================== #21 優惠活動明細 PROMO_DETAIL ====================
INSERT INTO PROMO_DETAIL VALUES ('PROM0001','TYPE0004',80);
INSERT INTO PROMO_DETAIL VALUES ('PROM0002','TYPE0001',80);
INSERT INTO PROMO_DETAIL VALUES ('PROM0002','TYPE0002',80);
INSERT INTO PROMO_DETAIL VALUES ('PROM0003','TYPE0003',80);
INSERT INTO PROMO_DETAIL VALUES ('PROM0003','TYPE0004',80);
-- ==================== #22 折扣碼優惠 COUP_CODE ====================
INSERT INTO COUP_CODE VALUES ('COUP' || LPAD(SEQ_COUP_CODE.NEXTVAL, 4, 0),'MEM0004','XXXX-ZXCV',150,1,TO_DATE('2020-09-02','YYYY-MM-DD'),TO_DATE('2020-09-16','YYYY-MM-DD'));
INSERT INTO COUP_CODE VALUES ('COUP' || LPAD(SEQ_COUP_CODE.NEXTVAL, 4, 0),'MEM0002','AXXX-ZXCV',150,1,TO_DATE('2020-09-02','YYYY-MM-DD'),TO_DATE('2020-09-16','YYYY-MM-DD'));
INSERT INTO COUP_CODE VALUES ('COUP' || LPAD(SEQ_COUP_CODE.NEXTVAL, 4, 0),'MEM0003','VXXX-ZXCV',150,1,TO_DATE('2020-09-02','YYYY-MM-DD'),TO_DATE('2020-09-16','YYYY-MM-DD'));
INSERT INTO COUP_CODE VALUES ('COUP' || LPAD(SEQ_COUP_CODE.NEXTVAL, 4, 0),'MEM0004','QXXX-ZXCV',150,1,TO_DATE('2020-09-02','YYYY-MM-DD'),TO_DATE('2020-09-16','YYYY-MM-DD'));
INSERT INTO COUP_CODE VALUES ('COUP' || LPAD(SEQ_COUP_CODE.NEXTVAL, 4, 0),'MEM0002','GXXX-ZXCV',150,1,TO_DATE('2020-09-02','YYYY-MM-DD'),TO_DATE('2020-09-16','YYYY-MM-DD'));
-- ==================== #23 課程訂單主檔 ORDER_MASTER ====================
Insert into ORDER_MASTER (ORDERNO,MEMNO,ORDERDATE,ORDERSTATUS,ORDERAMT,COUPNO,PAYBY) values ('OORD0006','MEM0001',TO_DATE('2020-06-06','YYYY-MM-DD'),'未付款',4060,null,null);
-- Insert into ORDER_MASTER (ORDERNO,MEMNO,ORDERDATE,ORDERSTATUS,ORDERAMT,COUPNO,PAYBY) values ('OORD0007','MEM0014',TO_DATE('2020-06-16','YYYY-MM-DD'),'已結單',3860,null,null);
Insert into ORDER_MASTER (ORDERNO,MEMNO,ORDERDATE,ORDERSTATUS,ORDERAMT,COUPNO,PAYBY) values ('OORD0008','MEM0014',TO_DATE('2020-07-06','YYYY-MM-DD'),'失效訂單',1680,null,null);
Insert into ORDER_MASTER (ORDERNO,MEMNO,ORDERDATE,ORDERSTATUS,ORDERAMT,COUPNO,PAYBY) values ('OORD0009','MEM0015',TO_DATE('2020-07-16','YYYY-MM-DD'),'已結單',7100,null,null);
Insert into ORDER_MASTER (ORDERNO,MEMNO,ORDERDATE,ORDERSTATUS,ORDERAMT,COUPNO,PAYBY) values ('OORD0010','MEM0015',TO_DATE('2020-08-06','YYYY-MM-DD'),'失效訂單',1600,null,null);
Insert into ORDER_MASTER (ORDERNO,MEMNO,ORDERDATE,ORDERSTATUS,ORDERAMT,COUPNO,PAYBY) values ('OORD0011','MEM0015',TO_DATE('2020-08-08','YYYY-MM-DD'),'已結單',4300,null,null);
Insert into ORDER_MASTER (ORDERNO,MEMNO,ORDERDATE,ORDERSTATUS,ORDERAMT,COUPNO,PAYBY) values ('OORD0012','MEM0016',TO_DATE('2020-08-16','YYYY-MM-DD'),'已結單',4180,null,null);
Insert into ORDER_MASTER (ORDERNO,MEMNO,ORDERDATE,ORDERSTATUS,ORDERAMT,COUPNO,PAYBY) values ('OORD0013','MEM0005',TO_DATE('2020-09-01','YYYY-MM-DD'),'已結單',13200,null,null);
Insert into ORDER_MASTER (ORDERNO,MEMNO,ORDERDATE,ORDERSTATUS,ORDERAMT,COUPNO,PAYBY) values ('OORD0014','MEM0006',TO_DATE('2020-09-03','YYYY-MM-DD'),'已結單',8000,null,null);
Insert into ORDER_MASTER (ORDERNO,MEMNO,ORDERDATE,ORDERSTATUS,ORDERAMT,COUPNO,PAYBY) values ('OORD0015','MEM0007',TO_DATE('2020-09-04','YYYY-MM-DD'),'已付款',6600,null,null);
Insert into ORDER_MASTER (ORDERNO,MEMNO,ORDERDATE,ORDERSTATUS,ORDERAMT,COUPNO,PAYBY) values ('ORD0001','MEM0001',TO_DATE('2020-09-20','YYYY-MM-DD'),'已付款',3000,null,'信用卡');
Insert into ORDER_MASTER (ORDERNO,MEMNO,ORDERDATE,ORDERSTATUS,ORDERAMT,COUPNO,PAYBY) values ('ORD0002','MEM0002',TO_DATE('2020-09-25','YYYY-MM-DD'),'失效訂單',2500,null,'信用卡');
Insert into ORDER_MASTER (ORDERNO,MEMNO,ORDERDATE,ORDERSTATUS,ORDERAMT,COUPNO,PAYBY) values ('ORD0003','MEM0003',TO_DATE('2020-10-16','YYYY-MM-DD'),'已付款',2800,null,'信用卡');
Insert into ORDER_MASTER (ORDERNO,MEMNO,ORDERDATE,ORDERSTATUS,ORDERAMT,COUPNO,PAYBY) values ('ORD0004','MEM0001',TO_DATE('2020-10-16','YYYY-MM-DD'),'未付款',2800,null,'信用卡');
Insert into ORDER_MASTER (ORDERNO,MEMNO,ORDERDATE,ORDERSTATUS,ORDERAMT,COUPNO,PAYBY) values ('ORD0005','MEM0004',TO_DATE('2020-10-19','YYYY-MM-DD'),'未付款',2800,null,'信用卡');
-- ==================== #24 課程訂單明細 ORDER_DETAIL ====================
Insert into ORDER_DETAIL (ORDERNO,COURSENO,SELLPRICE,ODSTATUS,PROMONO) values ('OORD0006','COUR0010',1480,'交易完成',null);
Insert into ORDER_DETAIL (ORDERNO,COURSENO,SELLPRICE,ODSTATUS,PROMONO) values ('OORD0006','COUR0009',2580,'交易完成',null);
-- Insert into ORDER_DETAIL (ORDERNO,COURSENO,SELLPRICE,ODSTATUS,PROMONO) values ('OORD0007','COUR0018',2990,'交易完成',null);
-- Insert into ORDER_DETAIL (ORDERNO,COURSENO,SELLPRICE,ODSTATUS,PROMONO) values ('OORD0007','COUR0017',870,'交易完成',null);
Insert into ORDER_DETAIL (ORDERNO,COURSENO,SELLPRICE,ODSTATUS,PROMONO) values ('OORD0008','COUR0006',1680,'退款完成',null);
Insert into ORDER_DETAIL (ORDERNO,COURSENO,SELLPRICE,ODSTATUS,PROMONO) values ('OORD0009','COUR0012',1800,'交易完成',null);
Insert into ORDER_DETAIL (ORDERNO,COURSENO,SELLPRICE,ODSTATUS,PROMONO) values ('OORD0009','COUR0008',2700,'交易完成',null);
Insert into ORDER_DETAIL (ORDERNO,COURSENO,SELLPRICE,ODSTATUS,PROMONO) values ('OORD0009','COUR0004',2600,'退款完成',null);
Insert into ORDER_DETAIL (ORDERNO,COURSENO,SELLPRICE,ODSTATUS,PROMONO) values ('OORD0010','COUR0007',1600,'交易完成',null);
Insert into ORDER_DETAIL (ORDERNO,COURSENO,SELLPRICE,ODSTATUS,PROMONO) values ('OORD0011','COUR0011',2800,'退款完成',null);
Insert into ORDER_DETAIL (ORDERNO,COURSENO,SELLPRICE,ODSTATUS,PROMONO) values ('OORD0011','COUR0013',1500,'交易完成',null);
Insert into ORDER_DETAIL (ORDERNO,COURSENO,SELLPRICE,ODSTATUS,PROMONO) values ('OORD0012','COUR0006',1680,'交易完成',null);
Insert into ORDER_DETAIL (ORDERNO,COURSENO,SELLPRICE,ODSTATUS,PROMONO) values ('OORD0012','COUR0005',2500,'交易完成',null);
Insert into ORDER_DETAIL (ORDERNO,COURSENO,SELLPRICE,ODSTATUS,PROMONO) values ('OORD0013','COUR0001',4000,'交易完成',null);
Insert into ORDER_DETAIL (ORDERNO,COURSENO,SELLPRICE,ODSTATUS,PROMONO) values ('OORD0013','COUR0002',4000,'交易完成',null);
Insert into ORDER_DETAIL (ORDERNO,COURSENO,SELLPRICE,ODSTATUS,PROMONO) values ('OORD0013','COUR0003',2600,'交易完成',null);
Insert into ORDER_DETAIL (ORDERNO,COURSENO,SELLPRICE,ODSTATUS,PROMONO) values ('OORD0013','COUR0004',2600,'交易完成',null);
Insert into ORDER_DETAIL (ORDERNO,COURSENO,SELLPRICE,ODSTATUS,PROMONO) values ('OORD0014','COUR0001',4000,'交易完成',null);
Insert into ORDER_DETAIL (ORDERNO,COURSENO,SELLPRICE,ODSTATUS,PROMONO) values ('OORD0014','COUR0002',4000,'退款完成',null);
Insert into ORDER_DETAIL (ORDERNO,COURSENO,SELLPRICE,ODSTATUS,PROMONO) values ('OORD0015','COUR0002',4000,'鑑賞期',null);
Insert into ORDER_DETAIL (ORDERNO,COURSENO,SELLPRICE,ODSTATUS,PROMONO) values ('OORD0015','COUR0004',2600,'鑑賞期',null);
Insert into ORDER_DETAIL (ORDERNO,COURSENO,SELLPRICE,ODSTATUS,PROMONO) values ('ORD0001','COUR0001',3000,'鑑賞期',null);
Insert into ORDER_DETAIL (ORDERNO,COURSENO,SELLPRICE,ODSTATUS,PROMONO) values ('ORD0001','COUR0003',1300,'交易完成',null);
Insert into ORDER_DETAIL (ORDERNO,COURSENO,SELLPRICE,ODSTATUS,PROMONO) values ('ORD0002','COUR0001',3000,'鑑賞期',null);
Insert into ORDER_DETAIL (ORDERNO,COURSENO,SELLPRICE,ODSTATUS,PROMONO) values ('ORD0003','COUR0002',2500,'鑑賞期',null);
Insert into ORDER_DETAIL (ORDERNO,COURSENO,SELLPRICE,ODSTATUS,PROMONO) values ('ORD0004','COUR0004',1000,'鑑賞期',null);
Insert into ORDER_DETAIL (ORDERNO,COURSENO,SELLPRICE,ODSTATUS,PROMONO) values ('ORD0005','COUR0005',600,'鑑賞期',null);
-- ==================== #25 追蹤清單 TRACKING_LIST ====================
INSERT INTO TRACKING_LIST VALUES ('MEM0001','COUR0001');
INSERT INTO TRACKING_LIST VALUES ('MEM0001','COUR0002');
INSERT INTO TRACKING_LIST VALUES ('MEM0001','COUR0003');
INSERT INTO TRACKING_LIST VALUES ('MEM0001','COUR0004');
INSERT INTO TRACKING_LIST VALUES ('MEM0001','COUR0005');
INSERT INTO TRACKING_LIST VALUES ('MEM0001','COUR0006');
INSERT INTO TRACKING_LIST VALUES ('MEM0001','COUR0007');
INSERT INTO TRACKING_LIST VALUES ('MEM0001','COUR0008');
INSERT INTO TRACKING_LIST VALUES ('MEM0001','COUR0009');
INSERT INTO TRACKING_LIST VALUES ('MEM0001','COUR0010');
INSERT INTO TRACKING_LIST VALUES ('MEM0001','COUR0011');
INSERT INTO TRACKING_LIST VALUES ('MEM0001','COUR0012');
INSERT INTO TRACKING_LIST VALUES ('MEM0001','COUR0013');
INSERT INTO TRACKING_LIST VALUES ('MEM0001','COUR0014');
INSERT INTO TRACKING_LIST VALUES ('MEM0001','COUR0015');
-- ==================== #26 題型難易度 TEST_TYPE ====================
INSERT INTO TEST_TYPE(TESTTYPENO,TESTTYPE,TESTDGEE)VALUES(SEQ_TSTYPE.nextval,'text','簡單');
INSERT INTO TEST_TYPE(TESTTYPENO,TESTTYPE,TESTDGEE)VALUES(SEQ_TSTYPE.nextval,'text','中等');
INSERT INTO TEST_TYPE(TESTTYPENO,TESTTYPE,TESTDGEE)VALUES(SEQ_TSTYPE.nextval,'text','困難');
INSERT INTO TEST_TYPE(TESTTYPENO,TESTTYPE,TESTDGEE)VALUES(SEQ_TSTYPE.nextval,'radio','簡單');
INSERT INTO TEST_TYPE(TESTTYPENO,TESTTYPE,TESTDGEE)VALUES(SEQ_TSTYPE.nextval,'radio','中等');
INSERT INTO TEST_TYPE(TESTTYPENO,TESTTYPE,TESTDGEE)VALUES(SEQ_TSTYPE.nextval,'radio','困難');
INSERT INTO TEST_TYPE(TESTTYPENO,TESTTYPE,TESTDGEE)VALUES(SEQ_TSTYPE.nextval,'checkbox','簡單');
INSERT INTO TEST_TYPE(TESTTYPENO,TESTTYPE,TESTDGEE)VALUES(SEQ_TSTYPE.nextval,'checkbox','中等');
INSERT INTO TEST_TYPE(TESTTYPENO,TESTTYPE,TESTDGEE)VALUES(SEQ_TSTYPE.nextval,'checkbox','困難');
-- ==================== #27 題庫 QUESTION_BANK ====================
INSERT INTO QUESTION_BANK(QBANKNO,COURSENO,TESTTYPENO,TESTSCOPE,QUSTMT,QUANS)VALUES('QNBK' || LPAD(SEQ_QBANK.NEXTVAL, 4, 0),'COUR0001',1,1,'多條件分支的 switch 指令中用來捕捉條件運算式與所有 case 條件值都不相符的狀況的指令是','default');
INSERT INTO QUESTION_BANK(QBANKNO,COURSENO,TESTTYPENO,TESTSCOPE,QUSTMT,QUANS)VALUES('QNBK' || LPAD(SEQ_QBANK.NEXTVAL, 4, 0),'COUR0001',1,1,'do-while 與 while 指令最大的差別在 ____ 指令會至少執行一次','do-while');
INSERT INTO QUESTION_BANK(QBANKNO,COURSENO,TESTTYPENO,TESTSCOPE,QUSTMT,QUANS)VALUES('QNBK' || LPAD(SEQ_QBANK.NEXTVAL, 4, 0),'COUR0001',1,1,'在巢狀迴圈裡，要從最內層的迴圈跳出最外層的迴圈必須使用 break 指令及為迴圈加上__ ','標籤');
INSERT INTO QUESTION_BANK(QBANKNO,COURSENO,TESTTYPENO,TESTSCOPE,QUSTMT,QUANS)VALUES('QNBK' || LPAD(SEQ_QBANK.NEXTVAL, 4, 0),'COUR0001',1,1,'程式中要讀取陣列裡元素的資料必須要靠___。 ','索引值 (index)');
INSERT INTO QUESTION_BANK(QBANKNO,COURSENO,TESTTYPENO,TESTSCOPE,QUSTMT,QUANS)VALUES('QNBK' || LPAD(SEQ_QBANK.NEXTVAL, 4, 0),'COUR0001',1,1,'陣列的使用必須先經過宣告與配置，其中陣列的配置必須使用____運算子。 ','new');
INSERT INTO QUESTION_BANK(QBANKNO,COURSENO,TESTTYPENO,TESTSCOPE,QUSTMT,QUANS)VALUES('QNBK' || LPAD(SEQ_QBANK.NEXTVAL, 4, 0),'COUR0001',1,1,'要知道一個一維陣列的元素個數可以藉由陣列的____屬性得知。 ','length');
INSERT INTO QUESTION_BANK(QBANKNO,COURSENO,TESTTYPENO,TESTSCOPE,QUSTMT,QUANS)VALUES('QNBK' || LPAD(SEQ_QBANK.NEXTVAL, 4, 0),'COUR0001',1,1,'參照型別的特性是____資料, 而不是直接使用變數的內容 ','間接存取');
INSERT INTO QUESTION_BANK(QBANKNO,COURSENO,TESTTYPENO,TESTSCOPE,QUSTMT,QUANS)VALUES('QNBK' || LPAD(SEQ_QBANK.NEXTVAL, 4, 0),'COUR0001',1,1,'參照型別的變數所儲存的是存放真正資料的 ____。 ','記憶體位址');
INSERT INTO QUESTION_BANK(QBANKNO,COURSENO,TESTTYPENO,TESTSCOPE,QUSTMT,QUANS)VALUES('QNBK' || LPAD(SEQ_QBANK.NEXTVAL, 4, 0),'COUR0001',1,1,'為了避免沒有閒置的記憶體空間可用的情況, Java 設計了一個特別的機制, 可以將已經閒置不再需要使用的記憶體空間回收, 以便供後續需要時使用。這個機制就稱為____。 ','資源回收系統');
INSERT INTO QUESTION_BANK(QBANKNO,COURSENO,TESTTYPENO,TESTSCOPE,QUSTMT,QUANS)VALUES('QNBK' || LPAD(SEQ_QBANK.NEXTVAL, 4, 0),'COUR0001',1,1,' ____是用來幫助 JAVA 對記憶體做有效清理及管控的機制。 ','參照計數(reference count)');
--
INSERT INTO QUESTION_BANK(QBANKNO,COURSENO,TESTTYPENO,TESTSCOPE,QUSTMT,QUANS)VALUES('QNBK' || LPAD(SEQ_QBANK.NEXTVAL, 4, 0),'COUR0001',2,1,'Java源程dao序是由类定义自组成的，每个程序中可以定义若bai干个类，但是只有du一个类是主类zhi。在Java Application中，这个主类是指dao包含___方法的类。','main');
INSERT INTO QUESTION_BANK(QBANKNO,COURSENO,TESTTYPENO,TESTSCOPE,QUSTMT,QUANS)VALUES('QNBK' || LPAD(SEQ_QBANK.NEXTVAL, 4, 0),'COUR0001',2,1,'設x = 2 ，則表達式( x + + )／3的值是','0');
INSERT INTO QUESTION_BANK(QBANKNO,COURSENO,TESTTYPENO,TESTSCOPE,QUSTMT,QUANS)VALUES('QNBK' || LPAD(SEQ_QBANK.NEXTVAL, 4, 0),'COUR0001',2,1,'介面中的方法只能是','抽象方法');
INSERT INTO QUESTION_BANK(QBANKNO,COURSENO,TESTTYPENO,TESTSCOPE,QUSTMT,QUANS)VALUES('QNBK' || LPAD(SEQ_QBANK.NEXTVAL, 4, 0),'COUR0001',2,1,'char c ="a";System.out.println(c+1);輸出結果為','98');
INSERT INTO QUESTION_BANK(QBANKNO,COURSENO,TESTTYPENO,TESTSCOPE,QUSTMT,QUANS)VALUES('QNBK' || LPAD(SEQ_QBANK.NEXTVAL, 4, 0),'COUR0001',2,1,'char類型用來表示在Unicode編碼表中的字符，長度是___個字節','2');
INSERT INTO QUESTION_BANK(QBANKNO,COURSENO,TESTTYPENO,TESTSCOPE,QUSTMT,QUANS)VALUES('QNBK' || LPAD(SEQ_QBANK.NEXTVAL, 4, 0),'COUR0001',2,1,'安裝JDK後，為了告訴計算機javac.exe和java.exe等執行文件的位置，需要配置的環境變量是','path');
INSERT INTO QUESTION_BANK(QBANKNO,COURSENO,TESTTYPENO,TESTSCOPE,QUSTMT,QUANS)VALUES('QNBK' || LPAD(SEQ_QBANK.NEXTVAL, 4, 0),'COUR0001',2,1,'如果希望將自定義類Student的多個對象放入集合TreeSet，實現所有元素按照某個屬性的自然順序排列，則需要Student類實現_____接口。 ','Comparable');
INSERT INTO QUESTION_BANK(QBANKNO,COURSENO,TESTTYPENO,TESTSCOPE,QUSTMT,QUANS)VALUES('QNBK' || LPAD(SEQ_QBANK.NEXTVAL, 4, 0),'COUR0001',2,1,'____是指將java對象轉換成字節序列，從而可以保存到磁盤上，也可以在網絡上傳輸，使得不同的計算機可以共享對象','序列化');
INSERT INTO QUESTION_BANK(QBANKNO,COURSENO,TESTTYPENO,TESTSCOPE,QUSTMT,QUANS)VALUES('QNBK' || LPAD(SEQ_QBANK.NEXTVAL, 4, 0),'COUR0001',2,1,'___是異或位運算符，運算規則是如果兩個操作數相同，結果是0，否則結果為1 ','^');
INSERT INTO QUESTION_BANK(QBANKNO,COURSENO,TESTTYPENO,TESTSCOPE,QUSTMT,QUANS)VALUES('QNBK' || LPAD(SEQ_QBANK.NEXTVAL, 4, 0),'COUR0001',2,1,' ______類是專門用來操作集合的工具類，提供一系列靜態方法實現對各種集合的操作。','Collections');
--
INSERT INTO QUESTION_BANK(QBANKNO,COURSENO,TESTTYPENO,TESTSCOPE,QUSTMT,QUANS)VALUES('QNBK' || LPAD(SEQ_QBANK.NEXTVAL, 4, 0),'COUR0001',3,1,'呼叫 ________方法可以把 HTML 網頁中的參數傳遞給 Applet 。','getParameter()');
INSERT INTO QUESTION_BANK(QBANKNO,COURSENO,TESTTYPENO,TESTSCOPE,QUSTMT,QUANS)VALUES('QNBK' || LPAD(SEQ_QBANK.NEXTVAL, 4, 0),'COUR0001',3,1,'BufferedWriter 類是提供緩衝式輸出的類。程式需要先建立 ____物件，再利用這個物件建立 BufferedWriter物件。','Write()');
INSERT INTO QUESTION_BANK(QBANKNO,COURSENO,TESTTYPENO,TESTSCOPE,QUSTMT,QUANS)VALUES('QNBK' || LPAD(SEQ_QBANK.NEXTVAL, 4, 0),'COUR0001',3,1,'在 Java 語言中，用戶端使用的通訊端類是 ____。',' Socket');
INSERT INTO QUESTION_BANK(QBANKNO,COURSENO,TESTTYPENO,TESTSCOPE,QUSTMT,QUANS)VALUES('QNBK' || LPAD(SEQ_QBANK.NEXTVAL, 4, 0),'COUR0001',3,1,'某程式想要隨機讀寫字元檔案，能支援這個要求的類是 ______。','RandomAccess');
INSERT INTO QUESTION_BANK(QBANKNO,COURSENO,TESTTYPENO,TESTSCOPE,QUSTMT,QUANS)VALUES('QNBK' || LPAD(SEQ_QBANK.NEXTVAL, 4, 0),'COUR0001',3,1,'Java語言提供的用於處理不可改變的字串類是 __ 類 。。 ','String');
INSERT INTO QUESTION_BANK(QBANKNO,COURSENO,TESTTYPENO,TESTSCOPE,QUSTMT,QUANS)VALUES('QNBK' || LPAD(SEQ_QBANK.NEXTVAL, 4, 0),'COUR0001',3,1,'程式設計師用 Java 語言編寫多執行緒應用程式，程式設計師能控制的關鍵性工作有兩個方面：一是編寫執行緒的 ________方法；二是建立執行緒範例。 ','run()');
INSERT INTO QUESTION_BANK(QBANKNO,COURSENO,TESTTYPENO,TESTSCOPE,QUSTMT,QUANS)VALUES('QNBK' || LPAD(SEQ_QBANK.NEXTVAL, 4, 0),'COUR0001',3,1,' 表達式 -128>>4 的值是____ 。 ','-8');
INSERT INTO QUESTION_BANK(QBANKNO,COURSENO,TESTTYPENO,TESTSCOPE,QUSTMT,QUANS)VALUES('QNBK' || LPAD(SEQ_QBANK.NEXTVAL, 4, 0),'COUR0001',3,1,'當執行緒使用完臨界段後，爲了使等待的執行緒恢復工作，需要呼叫的方法是 __________。','Notify()');
INSERT INTO QUESTION_BANK(QBANKNO,COURSENO,TESTTYPENO,TESTSCOPE,QUSTMT,QUANS)VALUES('QNBK' || LPAD(SEQ_QBANK.NEXTVAL, 4, 0),'COUR0001',3,1,'爲了宣告類中定義的某方法不能被子類的方法覆蓋，應在該方法前加入的修飾符是________.','final');
INSERT INTO QUESTION_BANK(QBANKNO,COURSENO,TESTTYPENO,TESTSCOPE,QUSTMT,QUANS)VALUES('QNBK' || LPAD(SEQ_QBANK.NEXTVAL, 4, 0),'COUR0001',3,1,'爲字元流檔案寫操作提供支援的類是 _______。','FileWriter');

--
INSERT INTO QUESTION_BANK VALUES ('QNBK' || LPAD(SEQ_QBANK.NEXTVAL, 4, 0) , 'COUR0001' , 4 ,1, 'Java application中的主類需包含main方法，以下哪項是main方法的正確形參?' , 'String args' ,'String args[]','Char arg','StringBuffer args[]','0100',1);
INSERT INTO QUESTION_BANK VALUES ('QNBK' || LPAD(SEQ_QBANK.NEXTVAL, 4, 0) , 'COUR0001' , 4 ,1, '以下代碼段執行後的輸出結果為（ ） int x=－3； int y=－10； System.out.println(y%x);' , '-1' ,'2','1','3','1000',1);
INSERT INTO QUESTION_BANK VALUES ('QNBK' || LPAD(SEQ_QBANK.NEXTVAL, 4, 0) , 'COUR0001' , 4 ,1, '若有定義：byte[] x={11,22,33,-66};其中0≤k≤3，則對x數組元素錯誤的引用是（ ）' , 'x[5-3]' ,'x[k]','x[k+5]','x[0]','0010',1);
INSERT INTO QUESTION_BANK VALUES ('QNBK' || LPAD(SEQ_QBANK.NEXTVAL, 4, 0) , 'COUR0001' , 4 ,1, 'paint()方法使用哪種類型的參數?' , 'Graphics ' ,'Graphics2D ','String ','Color ','0010',1);
INSERT INTO QUESTION_BANK VALUES ('QNBK' || LPAD(SEQ_QBANK.NEXTVAL, 4, 0) , 'COUR0001' , 4 ,1, '下列敘述，何者錯誤? 它們皆為與陣列有關的敘述。' , 'int[] iArray = new int[10]; 定義了一個含有10個元素的陣列，元素的型別為int。' ,'在程式內使用一維陣列之元素時，需要一個索引值(index)。','Java陣列的元素沒有預設的初值。','陣列的最大優點在於只要使用陣列名稱與索引值(index)就可以存取其內的元素。','0010',1);
INSERT INTO QUESTION_BANK VALUES ('QNBK' || LPAD(SEQ_QBANK.NEXTVAL, 4, 0) , 'COUR0001' , 4 ,1, '以下哪個不是Java的原始數據類型（ ）' , 'int' ,'Boolean ','float ','char','0100',1);
INSERT INTO QUESTION_BANK VALUES ('QNBK' || LPAD(SEQ_QBANK.NEXTVAL, 4, 0) , 'COUR0001' , 4 ,1, '下列哪一個關鍵字是用來表示『目前這個物件』?' , 'private' ,'self','instanceof','this','0001',1);
INSERT INTO QUESTION_BANK VALUES ('QNBK' || LPAD(SEQ_QBANK.NEXTVAL, 4, 0), 'COUR0001' , 4 , 1,'下列哪一個類別的定義能夠表示Snake類別(蛇)是Reptile類別(爬蟲類)的子類別？' , 'public class Reptile extends Snake {...}' ,'public class Snake implements Reptile {...}','public class Snake extends Reptile {...}','public class Reptile implements Snake {...}','0010',1);
INSERT INTO QUESTION_BANK VALUES ('QNBK' || LPAD(SEQ_QBANK.NEXTVAL, 4, 0) , 'COUR0001' , 4 ,1, '有關介面(interface)的敘述下列何者錯誤：' , '實作介面的類別不需要Override介面所定義的方法，因為介面的方法都有方法的本體' ,'介面內的變數預設具有public, static, final三個修飾字，因此介面內的變數實為常數','介面內的方法預設具有public, abstract兩個修飾字','通常介面是讓一組無法找到共同祖先的類別來實作，以便讓這一組類別具有共同的行為，這些類別的物件就可送到同一個方法去處理，簡化程式的設計','1000',1);
INSERT INTO QUESTION_BANK VALUES ('QNBK' || LPAD(SEQ_QBANK.NEXTVAL, 4, 0) , 'COUR0001' , 4 ,1, '下列哪一種不可以是Java變數命名的開頭?' , '$(錢字號)' ,'英文字母','_(底線)','@(小老鼠)','0001',1);
INSERT INTO QUESTION_BANK VALUES ('QNBK' || LPAD(SEQ_QBANK.NEXTVAL, 4, 0) , 'COUR0001' , 4 ,1, '在Java中，一個類可同時定義許多同名的方法，這些方法的形式參數的個數、類型或順序各不相同，傳回的值也可以不相同。這種面向對象程序特性稱為（ ）?' , '隱藏' ,'重寫','重載','Java不支持此特性','0010',1);
INSERT INTO QUESTION_BANK VALUES ('QNBK' || LPAD(SEQ_QBANK.NEXTVAL, 4, 0) , 'COUR0001' , 4 ,1, '以下有關構造方法的說法，正確的是：（ ）?' , '一個類的構造方法可以有多個' ,'構造方法在類定義時被調用','構造方法只能由對象中的其它方法調用','構造方法可以和類同名，也可以和類名不同','1000',1);
INSERT INTO QUESTION_BANK VALUES ('QNBK' || LPAD(SEQ_QBANK.NEXTVAL, 4, 0) , 'COUR0001' , 4 ,1, '在瀏覽器中執行applet 程序，以下選項中的哪個方法將被最先執行（ ）' , 'init()' ,'start()','destroy()','stop()','0100',1);
INSERT INTO QUESTION_BANK VALUES ('QNBK' || LPAD(SEQ_QBANK.NEXTVAL, 4, 0) , 'COUR0001' , 4 ,1, '有以下方法的定義，請選擇該方法的返回類型（ ）。 ReturnType method(byte x, double y) {return (short)x/y*2; }' , 'byte' ,'short','int','double ','0001',1);
INSERT INTO QUESTION_BANK VALUES ('QNBK' || LPAD(SEQ_QBANK.NEXTVAL, 4, 0) , 'COUR0001' , 4 ,1, '下列類定義中哪些是合法的抽象類的定義？（ ）' , 'abstract Animal{abstract void growl();}' ,'class abstract Animal{abstract void growl();}','abstract class Animal{abstract void growl();}','abstract class Animal{abstract void growl(){System.out.println(「growl」);};}','0010',1);
INSERT INTO QUESTION_BANK VALUES ('QNBK' || LPAD(SEQ_QBANK.NEXTVAL, 4, 0) , 'COUR0001' , 4 ,1, '設有下面兩個賦值語句： a = Integer.parseInt(「12」);b = Integer.valueOf(「12」).intValue(); 下述說法正確的是（ ）。' , 'a是整數類型變量，b是整數類對象。' ,'a是整數類對象，b是整數類型變量。','a和b都是整數類對象並且值相等。','a和b都是整數類型變量並且值相等。','1000',1);
INSERT INTO QUESTION_BANK VALUES ('QNBK' || LPAD(SEQ_QBANK.NEXTVAL, 4, 0) , 'COUR0001' , 4 ,1, '在編寫Java Applet程序時，需在程序的開頭寫上( )語句。?' , 'import java.awt.* ;' ,'import java.applet.Applet ;','import java.io.* ;','import java.awt.Graphics ;','1000',1);
INSERT INTO QUESTION_BANK VALUES ('QNBK' || LPAD(SEQ_QBANK.NEXTVAL, 4, 0), 'COUR0001' , 4 , 1,'下列哪一項不屬於Swing的頂層容器？（ ）' , 'JApplet' ,'JTree ','JDialog ','JFrame','0100',1);
INSERT INTO QUESTION_BANK VALUES ('QNBK' || LPAD(SEQ_QBANK.NEXTVAL, 4, 0) , 'COUR0001' , 4 ,1, '為了使包ch4在當前程序中可見，可以使用的語句是（ ）' , 'import ch4.*;' ,'package ch4.*;','ch4 import; ','ch4 package;','1000',1);
INSERT INTO QUESTION_BANK VALUES ('QNBK' || LPAD(SEQ_QBANK.NEXTVAL, 4, 0) , 'COUR0001' , 4 ,1, '請問所有的異常類皆繼承哪一個類？（ ）?' , 'java.io.Exception' ,'java.lang.Throwable','java.lang.Exception ','java.lang.Error','0100',1);

INSERT INTO QUESTION_BANK VALUES ('QNBK' || LPAD(SEQ_QBANK.NEXTVAL, 4, 0) , 'COUR0001' , 5 , 1,'使用Java語言編寫的源程序保存時的文件擴展名是?' , '.class' ,'.java','.cpp','.txt','0100',1);
INSERT INTO QUESTION_BANK VALUES ('QNBK' || LPAD(SEQ_QBANK.NEXTVAL, 4, 0) , 'COUR0001' , 5 ,1, '設int a=-2，則表達式a>>>3的值為?' , '0' ,'3','8','-1','0010',1);
INSERT INTO QUESTION_BANK VALUES ('QNBK' || LPAD(SEQ_QBANK.NEXTVAL, 4, 0) , 'COUR0001' , 5 , 1,'設有數組的定義int[] a = new int[3]，則下面對數組元素的引用錯誤的是（ ）?' , 'a[0];' ,'a[a.length-1];','a[3];','int i=1； a[i];','0010',1);
INSERT INTO QUESTION_BANK VALUES ('QNBK' || LPAD(SEQ_QBANK.NEXTVAL, 4, 0) , 'COUR0001' , 5 ,1, '在類的定義中可以有兩個同名函數，這種現象稱為函數（ ）?' , '封裝' ,'繼承','覆蓋','重載','0001',1);
INSERT INTO QUESTION_BANK VALUES ('QNBK' || LPAD(SEQ_QBANK.NEXTVAL, 4, 0) , 'COUR0001' , 5 , 1,'在類的定義中構造函數的作用是（ ）?' , '保護成員變量' ,'讀取類的成員變量','描述類的特徵','初始化成員變量','0001',1);
INSERT INTO QUESTION_BANK VALUES ('QNBK' || LPAD(SEQ_QBANK.NEXTVAL, 4, 0) , 'COUR0001' , 5 ,1, '下面關鍵字中，哪一個不是用於異常處理語句（ ）?' , 'try ' ,'break ','catch ','finally ','0100',1);
INSERT INTO QUESTION_BANK VALUES ('QNBK' || LPAD(SEQ_QBANK.NEXTVAL, 4, 0) , 'COUR0001' , 5 ,1, '類與對象的關係是（ ）?' , '類是對象的抽象' ,'對象是類的抽象','對象是類的子類','類是對象的具體實例','1000',1);
INSERT INTO QUESTION_BANK VALUES ('QNBK' || LPAD(SEQ_QBANK.NEXTVAL, 4, 0), 'COUR0001' , 5 ,1, '下面哪一個是Java中不合法的標識符（ ）?' , '$persons' ,'twoNum','_myVar','*point','0001',1);
INSERT INTO QUESTION_BANK VALUES ('QNBK' || LPAD(SEQ_QBANK.NEXTVAL, 4, 0) , 'COUR0001' , 5 ,1, '為AB類的一個無形式參數無返回值的方法method書寫方法頭，使得使用類名AB作為前綴就可以調用它，該方法頭的形式為( )?' , 'static void method( )' ,'public void method( )','final void method( )','abstract void method( )','1000',1);
INSERT INTO QUESTION_BANK VALUES ('QNBK' || LPAD(SEQ_QBANK.NEXTVAL, 4, 0) , 'COUR0001' , 5 , 1,'欲構造ArrayList類的一個實例，此類繼承了List接口，下列哪個方法是正確的（ ）?' , 'ArrayList myList=new Object( )' ,'List myList=new ArrayList( )','ArrayList myList=new List( )','List myList=new List( )','0010',1);
INSERT INTO QUESTION_BANK VALUES ('QNBK' || LPAD(SEQ_QBANK.NEXTVAL, 4, 0) , 'COUR0001' , 5 , 1,'進行Java基本的GUI設計需要用到的包是（ ）?' , 'java.io' ,'java.sql','java.awt','java.rmi','0010',1);
INSERT INTO QUESTION_BANK VALUES ('QNBK' || LPAD(SEQ_QBANK.NEXTVAL, 4, 0) , 'COUR0001' , 5 ,1, '如下哪個是Java中的標識符( )?' , 'fieldname ' ,'super','3number ','#number','1000',1);
INSERT INTO QUESTION_BANK VALUES ('QNBK' || LPAD(SEQ_QBANK.NEXTVAL, 4, 0) , 'COUR0001' , 5 , 1,'關於 for循環和 while循環的說法哪個正確？ （ ）' , 'while循環先判斷後執行，for循環先執行後判斷。' ,'while循環判斷條件一般是程序結果，for循環的判斷條件一般是非程序結果','兩種循環任何時候都不可以替換','兩種循環結構中都必須有循環體，循環體不能為空','0100',1);
INSERT INTO QUESTION_BANK VALUES ('QNBK' || LPAD(SEQ_QBANK.NEXTVAL, 4, 0) , 'COUR0001' , 5 ,1, '在類的定義中可以有兩個同名函數，這種現象稱為函數（ ）?' , '封裝' ,'繼承','覆蓋','重載','0001',1);
INSERT INTO QUESTION_BANK VALUES ('QNBK' || LPAD(SEQ_QBANK.NEXTVAL, 4, 0) , 'COUR0001' , 5 , 1,'關於對象成員占用內存的說法哪個正確？ （ ）' , '同一個類的對象共用同一段內存' ,'同一個類的對象使用不同的內存段，但靜態成員共享相同的內存空間','對象的方法不占用內存 ','以上都不對','0100',1);
INSERT INTO QUESTION_BANK VALUES ('QNBK' || LPAD(SEQ_QBANK.NEXTVAL, 4, 0) , 'COUR0001' , 5 ,1, '關於繼承的說法正確的是：' , '子類將繼承父類所有的屬性和方法。 ' ,'子類將繼承父類的非私有屬性和方法。 ','子類只繼承父類public方法和屬性 ','子類只繼承父類的方法，而不繼承屬性 ','0100',1);
INSERT INTO QUESTION_BANK VALUES ('QNBK' || LPAD(SEQ_QBANK.NEXTVAL, 4, 0) , 'COUR0001' , 5 ,1, '覆蓋與重載的關係是 （ ）?' , '類是對象的抽象' ,'覆蓋方法可以不同名，而重載方法必須同名','final修飾的方法可以被覆蓋，但不能被重載','覆蓋與重載是同一回事','1000',1);
INSERT INTO QUESTION_BANK VALUES ('QNBK' || LPAD(SEQ_QBANK.NEXTVAL, 4, 0), 'COUR0001' , 5 ,1, '下面哪一個import命令可以為我們提供編寫網絡應用程式的類（）' , 'import java.sql.*;' ,'import java.util.*;','import java.io.*;','import java.net.*;','0001',1);
INSERT INTO QUESTION_BANK VALUES ('QNBK' || LPAD(SEQ_QBANK.NEXTVAL, 4, 0) , 'COUR0001' , 5 ,1, '如果需要從文件中讀取數據，則可以在程序中創建哪一個類的對象（ ）' , ' FileInputStream ' ,'FileOutputStream ','DataOutputStream ','FileWriter','1000',1);
INSERT INTO QUESTION_BANK VALUES ('QNBK' || LPAD(SEQ_QBANK.NEXTVAL, 4, 0) , 'COUR0001' , 5 , 1,'不允許作為類及類成員的訪問控制符的是( )。' , 'public ' ,'private ','static ','protected','0010',1);







INSERT INTO QUESTION_BANK VALUES ('QNBK' || LPAD(SEQ_QBANK.NEXTVAL, 4, 0) , 'COUR0001' , 6 ,1, 'Java源文件和編譯後的文件擴展名分別為（ ）?' , '.class和 .java' ,'.java和 .class','.class和 .class','.java和 .java','0100',1);
INSERT INTO QUESTION_BANK VALUES ('QNBK' || LPAD(SEQ_QBANK.NEXTVAL, 4, 0) , 'COUR0001' , 6 , 1,'在Java Applet程序用戶自定義的Applet子類中，一般需要重載父類的( )方法來完成一些畫圖操作。' , 'start( )' ,'stop( )','init( )','paint( )','0001',1);
INSERT INTO QUESTION_BANK VALUES ('QNBK' || LPAD(SEQ_QBANK.NEXTVAL, 4, 0) , 'COUR0001' , 6, 1,'對於一個Java源文件，import, class定義以及package正確的順序是：' , 'package,import,class' ,'class,import,package','import,package,class，直接使用即可','package,class,import ','1000',1);
INSERT INTO QUESTION_BANK VALUES ('QNBK' || LPAD(SEQ_QBANK.NEXTVAL, 4, 0) , 'COUR0001' , 6 ,1, '下面哪個是非法的?' , 'int I = 32;' ,'float f = 45.0;','double d = 45.0;','char c = "u"; ','0001',0);
INSERT INTO QUESTION_BANK VALUES ('QNBK' || LPAD(SEQ_QBANK.NEXTVAL, 4, 0) , 'COUR0001' , 6 , 1,'Java語言使用的字符碼集是' , 'ASCII' ,'BCD','DCB','Unicode','0001',1);
INSERT INTO QUESTION_BANK VALUES ('QNBK' || LPAD(SEQ_QBANK.NEXTVAL, 4, 0) , 'COUR0001' , 6 , 1,'如果一個類的成員變量只能在所在類中使用，則該成員變量必須使用的修飾是' , 'public ' ,'protected ','private ','static ','0010',1);
INSERT INTO QUESTION_BANK VALUES ('QNBK' || LPAD(SEQ_QBANK.NEXTVAL, 4, 0) , 'COUR0001' , 6 , 1,'下面關於main方法說明正確的是?' , 'public main(String args[ ])' ,'public static void main(String args[ ])','private static void main(String args[ ])','void main()','0100',1);
INSERT INTO QUESTION_BANK VALUES ('QNBK' || LPAD(SEQ_QBANK.NEXTVAL, 4, 0), 'COUR0001' , 6 , 1,'哪個關鍵字可以對對象加互斥鎖？( )' , 'transient ' ,'synchronized ','serialize ','static ','0100',1);
INSERT INTO QUESTION_BANK VALUES ('QNBK' || LPAD(SEQ_QBANK.NEXTVAL, 4, 0) , 'COUR0001' , 6 ,1, '關於抽象方法的說法正確的是( )' , '可以有方法體' ,'可以出現在非抽象類中','是沒有方法體的方法','抽象類中的方法都是抽象方法 ','0001',1);
INSERT INTO QUESTION_BANK VALUES ('QNBK' || LPAD(SEQ_QBANK.NEXTVAL, 4, 0) , 'COUR0001' , 6 , 1,'java.io包的File類是?' , '字符流類' ,'字節流類','對象流類','非流類','0100',1);
INSERT INTO QUESTION_BANK VALUES ('QNBK' || LPAD(SEQ_QBANK.NEXTVAL, 4, 0) , 'COUR0001' , 6 ,1, '為AB類的一個無形式參數無返回值的方法method書寫方法頭，使得使用類名AB作為前綴就可以調用它，該方法頭的形式為( )' , 'static void method( )' ,'public void method( )','final void method( )','abstract void method( )','1000',1);
INSERT INTO QUESTION_BANK VALUES ('QNBK' || LPAD(SEQ_QBANK.NEXTVAL, 4, 0) , 'COUR0001' , 6 , 1,'關於選擇結構下列哪個說法正確？ （ ）' , 'if語句和 else語句必須成對出現 ' ,'if語句可以沒有else語句對應','switch結構中每個case語句中必須用break語句','switch結構中必須有default語句','0100',1);
INSERT INTO QUESTION_BANK VALUES ('QNBK' || LPAD(SEQ_QBANK.NEXTVAL, 4, 0) , 'COUR0001' , 6, 1,'while循環和 do…while循環的區別是：' , '沒有區別，這兩個結構任何情況下效果一樣' ,'while循環比 do…while循環執行效率高','while循環是先循環後判斷，所以循環體至少被執行一次','do…while循環是先循環後判斷，所以循環體至少被執行一次','0001',1);
INSERT INTO QUESTION_BANK VALUES ('QNBK' || LPAD(SEQ_QBANK.NEXTVAL, 4, 0) , 'COUR0001' , 6 ,1, '關於 for循環和 while循環的說法哪個正確?' , 'while循環先判斷後執行，for循環先執行後判斷。' ,'while循環判斷條件一般是程序結果，for循環的判斷條件一般是非程序結果','兩種循環任何時候都不可以替換',' 兩種循環結構中都必須有循環體，循環體不能為空','0100',1);
INSERT INTO QUESTION_BANK VALUES ('QNBK' || LPAD(SEQ_QBANK.NEXTVAL, 4, 0) , 'COUR0001' , 6 , 1,'下列修飾符中與訪問控制無關的是 （ ）' , 'private' ,'public ','protected ','final','0001',1);
INSERT INTO QUESTION_BANK VALUES ('QNBK' || LPAD(SEQ_QBANK.NEXTVAL, 4, 0) , 'COUR0001' , 6 , 1,' void的含義：' , '方法沒有返回值 ' ,'方法體為空 ','沒有意義 ','定義方法時必須使用 ','1000',1);
INSERT INTO QUESTION_BANK VALUES ('QNBK' || LPAD(SEQ_QBANK.NEXTVAL, 4, 0) , 'COUR0001' , 6 , 1,'return語句： （ ）?' , '只能讓方法返回數值' ,'方法都必須含有','方法中可以有多句return','不能用來返回對象','0010',1);
INSERT INTO QUESTION_BANK VALUES ('QNBK' || LPAD(SEQ_QBANK.NEXTVAL, 4, 0), 'COUR0001' , 6 , 1,'關於對象成員占用內存的說法哪個正確？' , '同一個類的對象共用同一段內存 ' ,'同一個類的對象使用不同的內存段，但靜態成員共享相同的內存空間 ','接口間不能有繼承關係  ','接口和抽象類是同一回事 ','0100',1);
INSERT INTO QUESTION_BANK VALUES ('QNBK' || LPAD(SEQ_QBANK.NEXTVAL, 4, 0) , 'COUR0001' , 6 ,1, '下列說法哪個正確？' , '不需要定義類，就能創建對象' ,'對象中必須有屬性和方法','屬性可以是簡單變量，也可以是一個對象','屬性必須是簡單變量 ','0010',1);
INSERT INTO QUESTION_BANK VALUES ('QNBK' || LPAD(SEQ_QBANK.NEXTVAL, 4, 0) , 'COUR0001' , 6 , 1,'關於方法main（）的說法哪個正確？' , '方法main（）只能放在公共類中' ,'main()的頭定義可以根據情況任意更改','一個類中可以沒有main()方法','所有對象的創建都必須放在main()方法中','0010',1);

INSERT INTO QUESTION_BANK VALUES ('QNBK' || LPAD(SEQ_QBANK.NEXTVAL, 4, 0) , 'COUR0001' , 7 , 1,'下面能讓執行緒停止執行的有' , ' sleep();' ,'stop();','notify()','synchronized();','1111',1);
INSERT INTO QUESTION_BANK VALUES ('QNBK' || LPAD(SEQ_QBANK.NEXTVAL, 4, 0) , 'COUR0001' , 7 ,1, '不能用來修飾interface的有' , ' private' ,'public','protected','static','1011',1);
INSERT INTO QUESTION_BANK VALUES ('QNBK' || LPAD(SEQ_QBANK.NEXTVAL, 4, 0) , 'COUR0001' , 7 , 1,'下列說法錯誤的有' , ' 在類方法中可用this來呼叫本類的類方法' ,'在類方法中呼叫本類的類方法時可直接呼叫','在類方法中只能呼叫本類中的類方法','在類方法中絕對不能呼叫例項方法','1011',1);
INSERT INTO QUESTION_BANK VALUES ('QNBK' || LPAD(SEQ_QBANK.NEXTVAL, 4, 0) , 'COUR0001' , 7 ,1, '如下哪些不是java的關鍵字？' , 'const','NULL','false','this ','0110',1);
INSERT INTO QUESTION_BANK VALUES ('QNBK' || LPAD(SEQ_QBANK.NEXTVAL, 4, 0) , 'COUR0001' , 7 ,1, '有關執行緒的哪些敘述是對的' , ' 一旦一個執行緒被建立，它就立即開始執行。' ,'使用start()方法可以使一個執行緒成為可執行的，但是它不一定立即開始執行','當一個執行緒因為搶先機制而停止執行，它被放在可執行佇列的前面','一個執行緒可能因為不同的原因停止並進入就緒狀態','0111',1);
INSERT INTO QUESTION_BANK VALUES ('QNBK' || LPAD(SEQ_QBANK.NEXTVAL, 4, 0) , 'COUR0001' , 7 ,1, '下面的哪些宣告是合法的' , ' long 1 = 499' ,'int i = 4L','float f =1.1','double d = 34.4','1001',1);
INSERT INTO QUESTION_BANK VALUES ('QNBK' || LPAD(SEQ_QBANK.NEXTVAL, 4, 0) , 'COUR0001' , 7 ,1, '選擇Java語言中的基本資料型別' , ' byte' ,'String','char','long','1011',1);
INSERT INTO QUESTION_BANK VALUES ('QNBK' || LPAD(SEQ_QBANK.NEXTVAL, 4, 0) , 'COUR0001' , 7 ,1, '從下列選項中選擇正確的Java表示式' , ' int k=new String(“aa”)' ,'String str=String(“bb”)','char c=74;','long j=8888;','0111',1);
INSERT INTO QUESTION_BANK VALUES ('QNBK' || LPAD(SEQ_QBANK.NEXTVAL, 4, 0) , 'COUR0001' , 7 , 1,'關於Java語言，下列描述正確的是' , ' switch 不能夠作用在String型別上' ,'List， Set， Map都繼承自Collection介面','Java語言支援goto語句','GC是垃圾收集器，程式設計師不用擔心記憶體管理','1001',1);
INSERT INTO QUESTION_BANK VALUES ('QNBK' || LPAD(SEQ_QBANK.NEXTVAL, 4, 0) , 'COUR0001' , 7 , 1,'下列描述中，哪些符合Java語言的特徵' , ' 支援跨平臺(Windows，Linux，Unix等' ,'GC(自動垃圾回收)，提高了程式碼安全性','支援類C的指標運算操作','不支援與其它語言書寫的程式進行通訊','1100',1);


INSERT INTO QUESTION_BANK VALUES ('QNBK' || LPAD(SEQ_QBANK.NEXTVAL, 4, 0) , 'COUR0001' , 8 ,1, '對於如下類中的study()方法，請選擇如下選項中，屬於方法重載的是（ ） public class Student{ public String study(String content){} }' , ' public void study(int days){} ' ,'public String study(String content,String title){}','public String study(){} ','public void study(String title){} ','1111',1);
INSERT INTO QUESTION_BANK VALUES ('QNBK' || LPAD(SEQ_QBANK.NEXTVAL, 4, 0) , 'COUR0001' , 8 ,1, '下列屬於JAVA語言的特點是（ ）。' , ' 跨平台' ,'支持多線程','面向對象','可以直接訪問操作系統 ','1110',1);
INSERT INTO QUESTION_BANK VALUES ('QNBK' || LPAD(SEQ_QBANK.NEXTVAL, 4, 0) , 'COUR0001' , 8 ,1, 'Java中的繼承，如下說法正確的是（ ）？' , 'Java支持接口之間的多繼承，也支持類之間的多繼承','Java中只支持單繼承，即一個類只能有一個父類. ','當兩個類存在所屬關係（is a），才使用繼承（is a，是一個。 說明該類是某類的一個特殊例子，簡單之稱為繼承。','.使用繼承，可以使類之間產生關係，提供了多態的特性。 ','0111',1);
INSERT INTO QUESTION_BANK VALUES ('QNBK' || LPAD(SEQ_QBANK.NEXTVAL, 4, 0) , 'COUR0001' , 8 ,1, '下列對面向過程和麵向對象描述正確的是' , ' .面向對像以功能為核心，使用函數封裝' ,'面向過程以功能為核心，使用函數封裝','面向對像以事物為核心，將具體的數據和功能封裝到事物中。','面向過程以事物為核心，將具體的數據和功能封裝到事物中。','0110',1);
INSERT INTO QUESTION_BANK VALUES ('QNBK' || LPAD(SEQ_QBANK.NEXTVAL, 4, 0) , 'COUR0001' , 8 ,1, '對如下數組，說法正確的是（ ）。int [] arr = {12,23,34,45,56,67};' , '獲取數組中第三個元素的語法是arr[3] ' ,'獲取數組中第三個元素的語法是arr[2] ','該數組的最後一個元素的下標值為arr.length','該數組的最後一個元素的下標值為arr.length-1','0101',1);
INSERT INTO QUESTION_BANK VALUES ('QNBK' || LPAD(SEQ_QBANK.NEXTVAL, 4, 0) , 'COUR0001' , 8 ,1, '下列關於JDK的說法正確的是（ ）' , ' 開發一個Java程序，需要完整的JDK ' ,'運行一個Java程序，需要完整的JDK ','運行一個Java程序，只需要JDK中的JRE','以上說法都不對 ','0110',1);
INSERT INTO QUESTION_BANK VALUES ('QNBK' || LPAD(SEQ_QBANK.NEXTVAL, 4, 0) , 'COUR0001' , 8 ,1, '下列選項中可以實現無限循環的是：（）。' , ' for(;;){} ' ,'while(true){} ','do{}while(true); ','for(int i=0;i++){} ','1110',1);
INSERT INTO QUESTION_BANK VALUES ('QNBK' || LPAD(SEQ_QBANK.NEXTVAL, 4, 0) , 'COUR0001' , 8 ,1, '下列程序中不會出現編譯錯誤的是（ ）' , ' short s1 = 3; short s2 = 5; s1 += s2; ' ,'short s1 = 3; short s2 = 5; s1 = s1+s2; ','short s1 = 3; short s2 = 5; s1 = s1 * s2; ','short s1 = 3; short s2 = 5; s1 *= s2 ; ','1001',1);
INSERT INTO QUESTION_BANK VALUES ('QNBK' || LPAD(SEQ_QBANK.NEXTVAL, 4, 0) , 'COUR0001' , 8 ,1, '下列關於do....while循環說法正確的是：' , ' do....while循環，循環體至少執行一次 ' ,'do....while循環和while循環只是語法不同，沒區別 ','do....while循環先執行循環體，再執行boolean表達式，如果為true再執行循環體 ','以上說法都正確 ','1001',1);

INSERT INTO QUESTION_BANK VALUES ('QNBK' || LPAD(SEQ_QBANK.NEXTVAL, 4, 0) , 'COUR0001' , 9 ,1, '下列關於成員變量默認值的描述中，正確的是（ ）。' , ' .byte類型的數據默認值是0 ' ,'int類型的數據默認值是0 ','long類型的數據默認值是0 ','float類型的數據默認值是0.0f ','1101',1);
INSERT INTO QUESTION_BANK VALUES ('QNBK' || LPAD(SEQ_QBANK.NEXTVAL, 4, 0) , 'COUR0001' , 9 ,1, 'Java接口中定義方法，正確的是（ ）？' , 'public void imethod(); ','void imethod(); ','void imethod(); ','private void imethod();  ','1100',1);
INSERT INTO QUESTION_BANK VALUES ('QNBK' || LPAD(SEQ_QBANK.NEXTVAL, 4, 0) , 'COUR0001' , 9 ,1, '在Java接口中，下列選項裡有效的方法聲明是（ ）。' , 'protected void fun(); ' ,'static void fun(); ','void fun(); ','public void fun(); ','0011',1);
INSERT INTO QUESTION_BANK VALUES ('QNBK' || LPAD(SEQ_QBANK.NEXTVAL, 4, 0) , 'COUR0001' , 9 ,1, '請選出屬於JDK的組成部分（ ）。' , ' l支持JAVA程序運行的一組類庫 ' ,'JVM ','支持JAVA程序開發的一組開發工具 ','一組軟件測試工具 ','1110',1);
INSERT INTO QUESTION_BANK VALUES ('QNBK' || LPAD(SEQ_QBANK.NEXTVAL, 4, 0) , 'COUR0001' , 9 ,1, '關於異常(Exception)，下列描述正確的是' , '  異常的基類為Exception，所有異常都必須直接或者間接繼承它' ,'異常可以用try{ . . .}catch(Exception e){ . . .}來捕獲並進行處理','如果某異常繼承RuntimeException，則該異常可以不被聲明','異常可以隨便處理，而不是拋給外層的程序進行處理','0110',1);
INSERT INTO QUESTION_BANK VALUES ('QNBK' || LPAD(SEQ_QBANK.NEXTVAL, 4, 0) , 'COUR0001' , 9,1, '下列哪些表達式返回true ?' , ' s.equals(t);' ,'t.equals(c);','s= =t;','t.equals (new String(“hello”));','0101',1);
INSERT INTO QUESTION_BANK VALUES ('QNBK' || LPAD(SEQ_QBANK.NEXTVAL, 4, 0) , 'COUR0001' , 9 ,1, '下列哪些是J2EE的體系。' , ' JSP' ,'JAVA','Servlet','WebService','1011',1);
INSERT INTO QUESTION_BANK VALUES ('QNBK' || LPAD(SEQ_QBANK.NEXTVAL, 4, 0) , 'COUR0001' , 9 , 1,'在服務器的網絡編程中，解決會話跟蹤的方法有' , '使用Cookie。' ,'使用URL重寫。','使用隱藏的表單域。',' 以上方法都不能單獨使用。','1110',1);

-- ==================== #28 考卷 TESTS ====================
INSERT INTO TESTS VALUES('TEST' || LPAD(SEQ_TESTS.NEXTVAL, 4, 0),'COUR0001','MEM0001',2,60,TO_DATE('2020-09-20','YYYY-MM-DD'));
-- ==================== #29 考卷作答明細 ANSWER_LIST ====================
INSERT INTO ANSWER_LIST VALUES('ANS' || LPAD(SEQ_ANS.NEXTVAL, 4, 0),'TEST0001','QNBK0003',3,'1234','2','2');


COMMIT;

-- #################### 備用註解欄 ####################

-- ==================== #1 會員 MEMBERS ====================
-- ==================== #2 老師 TEACHER ====================
-- ==================== #3 員工 EMPLOYEE ====================
-- ==================== #4 功能 FUNCTIONX ====================
-- ==================== #5 員工權限 EMP_AUTHORITY ====================
-- ==================== #6 聊天 CHATTING ====================
-- ==================== #7 教室 CLASSROOM ====================
-- ==================== #8 講者 SPEAKER ====================
-- ==================== #9 講座 LECTURE ====================
-- ==================== #10 講座訂單 LEC_ORDER ====================
-- ==================== #11 講座定位明細 LEC_SEAT ====================
-- ==================== #12 課程種類 COURSE_TYPE ====================
-- ==================== #13 課程 COURSE ====================
-- ==================== #14 課程影片 COURSE_VIDEO ====================
-- ==================== #15 觀看進度 VIDEO_BAR ====================
-- ==================== #16 課程附件 COURSE_ATTACH ====================
-- ==================== #17 評價 COURSE_ASSESS ====================
-- ==================== #18 留言板貼文 POSTS ====================
-- ==================== #19 留言板檢舉明細 REPORT_DETAIL ====================
-- ==================== #20 優惠活動表 PROMO_LIST ====================
-- ==================== #21 優惠活動明細 PROMO_DETAIL ====================
-- ==================== #22 折扣碼優惠 COUP_CODE ====================
-- ==================== #23 課程訂單主檔 ORDER_MASTER ====================
-- ==================== #24 課程訂單明細 ORDER_DETAIL ====================
-- ==================== #25 追蹤清單 TRACKING_LIST ====================
-- ==================== #26 題型難易度 TEST_TYPE ====================
-- ==================== #27 題庫 QUESTION_BANK ====================
-- ==================== #28 考卷 TESTS ====================
-- ==================== #29 考卷作答明細 ANSWER_LIST ====================20201105_Xducation_Table_Sql_v4.6.sql